title,url,source_page,category,publication_date,version,status,priority,notes,doc_id,document_type,audience,academic_period,reported_http_status,reported_checked_on,content_review,checked_on,access_review,review_note,corpus_action,action_reason,family_id,relation_role,related_doc_ids,relationship_evidence,file_identity,original_title,original_publication_date,original_version,original_status,original_notes,ingestion_decision,applicability,local_file_path,sha256,duplicate_group,text_comparison,extraction_quality,manual_verification_required,verified_source_urls,correction_log
Reglamento de Matrícula Pregrado (indice SUM),https://sum.unmsm.edu.pe/reglamentomat.htm,https://sum.unmsm.edu.pe/reglamentomat.htm,matricula,UNKNOWN,UNKNOWN,LISTED,CRITICAL,Contenido incrustado via PDFObject; rotula 'ANTIGUO REGLAMENTO DE MATRICULA' a la copia reglamentoMatricula.pdf. Verificado 2026-09-29,DOC-001,WEB_PAGE,UNDERGRADUATE,UNKNOWN,200,2026-09-29,PAGE_REVIEWED,2026-09-29,RETRIEVED,"Page presents a new regulation and labels the older copy as old; this is source presentation, not a complete amendment search.",DISCOVERY_ONLY,Use as a source locator; extract substantive page content separately before deciding whether it belongs in retrieval.,enrollment-undergraduate,UNDETERMINED,DOC-002;DOC-003;DOC-004;DOC-005;DOC-043;DOC-079;DOC-080;DOC-114;DOC-115;DOC-116,"Topic grouping only; no content equivalence, repeal or version identity established.",NOT_COMPARED,Reglamento de Matricula Pregrado (indice SUM),UNKNOWN,UNKNOWN,CURRENT,Hub 200. Contenido incrustado via PDFObject; rotula 'ANTIGUO REGLAMENTO DE MATRICULA' a la copia reglamentoMatricula.pdf. Verificado 2026-09-29,DISCOVERY_ONLY,limited to a population,,NOT_AVAILABLE_NO_LOCAL_FILE,UNKNOWN_NO_LOCAL_BYTES,NOT_POSSIBLE_NO_LOCAL_EXTRACTED_TEXT,PAGE_TEXT_REVIEWED_ATTACHMENT_NOT_AVAILABLE,No local attachment/text available for extraction QA.,https://sum.unmsm.edu.pe/reglamentomat.htm,Locator/catalog page; do not treat as operative rule text.
Reglamento General de Matrícula para Pregrado (texto presentado por SUM en 2026),https://sum.unmsm.edu.pe/assets/ReglamentoCompleto/reglamento2026.pdf,https://sum.unmsm.edu.pe/reglamentomat.htm,matricula,UNKNOWN,UNKNOWN,CURRENT,CRITICAL,Es el PDF que la pagina presenta como documento principal. Contenido NO leido; no inferir la RR que lo aprueba,DOC-002,PDF,UNDERGRADUATE,UNKNOWN,206,2026-09-29,CONTENT_REVIEWED,2026-09-29,RETRIEVED,"18-page undergraduate enrollment text reviewed. Paired with the approving resolution on the SUM page; the annex itself does not print the resolution number, so version remains UNKNOWN.",INCLUDE,Content reviewed and relevant to undergraduate enrollment; preserve document role and time coverage. Full extraction and chunk validation still required.,enrollment-undergraduate,ANNEX_TEXT,DOC-001;DOC-003;DOC-004;DOC-005;DOC-043;DOC-079;DOC-080;DOC-114;DOC-115;DOC-116,18-page enrollment text paired with resolution on SUM page; no embedded resolution identifier or byte comparison.,NOT_COMPARED,Reglamento de Matricula (copia vigente incrustada 2026),UNKNOWN,UNKNOWN,POSSIBLY_CURRENT,206 application/pdf. Es el PDF que la pagina presenta como documento principal. Contenido NO leido; no inferir la RR que lo aprueba,INCLUDE,established,,NOT_AVAILABLE_NO_LOCAL_FILE,UNKNOWN_NO_LOCAL_BYTES,NOT_POSSIBLE_NO_LOCAL_EXTRACTED_TEXT,PRIOR_CONTENT_REVIEW_NO_LOCAL_EXTRACT,Verify extracted text/pages against the source PDF before ingestion.,https://sum.unmsm.edu.pe/assets/ReglamentoCompleto/reglamento2026.pdf | https://sum.unmsm.edu.pe/reglamentomat.htm,Prior selected corpus record; keep conditional on current extraction and chunk QA.
Reglamento de Matrícula (copia anterior),https://sum.unmsm.edu.pe/assets/ReglamentoCompleto/reglamentoMatricula.pdf,https://sum.unmsm.edu.pe/reglamentomat.htm,matricula,UNKNOWN,UNKNOWN,SUPERSEDED,HIGH,La pagina lo rotula 'ANTIGUO REGLAMENTO DE MATRICULA'; comentario HTML: 'REGLAMENTO reemplado por reglamentoMatricula',DOC-003,PDF,UNDETERMINED,UNKNOWN,206,2026-09-29,NOT_REVIEWED,UNKNOWN,NOT_ATTEMPTED,Original inventory metadata reviewed; underlying document content not independently verified.,ARCHIVE,Keep in a historical collection; read and label coverage before ingestion. Exclude from default current-policy retrieval.,enrollment-undergraduate,UNDETERMINED,DOC-001;DOC-002;DOC-004;DOC-005;DOC-043;DOC-079;DOC-080;DOC-114;DOC-115;DOC-116,"Topic grouping only; no content equivalence, repeal or version identity established.",NOT_COMPARED,Reglamento de Matricula (copia anterior),UNKNOWN,UNKNOWN,SUPERSEDED,206 application/pdf. La pagina lo rotula 'ANTIGUO REGLAMENTO DE MATRICULA'; comentario HTML: 'REGLAMENTO reemplado por reglamentoMatricula',REVIEW_REQUIRED,uncertain,,NOT_AVAILABLE_NO_LOCAL_FILE,UNKNOWN_NO_LOCAL_BYTES,NOT_POSSIBLE_NO_LOCAL_EXTRACTED_TEXT,NOT_ASSESSED_NO_LOCAL_DOCUMENT,"Download source attachment and inspect tables, prerequisites, footnotes, signatures, and scanned pages.",https://sum.unmsm.edu.pe/assets/ReglamentoCompleto/reglamentoMatricula.pdf | https://sum.unmsm.edu.pe/reglamentomat.htm,"Content identity, legal status, extraction quality, or scope has not been fully verified for ingestion."
RR 03524-R-14 que modifica el inciso k) del Art. 12 del Reglamento de Matrícula,https://sum.unmsm.edu.pe/assets/ReglamentoCompleto/03524-14t.pdf,https://sum.unmsm.edu.pe/reglamentomat.htm,matricula,UNKNOWN,RR-03524-R-14,HISTORICAL,MEDIUM,"Titulo tomado del label de la pagina; año 2014 solo deducible del numero de RR, no de metadato verificado",DOC-004,PDF,UNDETERMINED,UNKNOWN,206,2026-09-29,NOT_REVIEWED,UNKNOWN,NOT_ATTEMPTED,Original inventory metadata reviewed; underlying document content not independently verified.,ARCHIVE,Keep in a historical collection; read and label coverage before ingestion. Exclude from default current-policy retrieval.,enrollment-undergraduate,UNDETERMINED,DOC-001;DOC-002;DOC-003;DOC-005;DOC-043;DOC-079;DOC-080;DOC-114;DOC-115;DOC-116,"Topic grouping only; no content equivalence, repeal or version identity established.",NOT_COMPARED,RR 03524-R-14 que modifica el inciso k) del Art. 12 del Reglamento de Matricula,UNKNOWN,RR-03524-R-14,HISTORICAL,"206. Titulo tomado del label de la pagina; anio 2014 solo deducible del numero de RR, no de metadato verificado",REVIEW_REQUIRED,historical,,NOT_AVAILABLE_NO_LOCAL_FILE,UNKNOWN_NO_LOCAL_BYTES,NOT_POSSIBLE_NO_LOCAL_EXTRACTED_TEXT,NOT_ASSESSED_NO_LOCAL_DOCUMENT,"Download source attachment and inspect tables, prerequisites, footnotes, signatures, and scanned pages.",https://sum.unmsm.edu.pe/assets/ReglamentoCompleto/03524-14t.pdf | https://sum.unmsm.edu.pe/reglamentomat.htm,"Content identity, legal status, extraction quality, or scope has not been fully verified for ingestion."
RR 002642-2026-R,https://sum.unmsm.edu.pe/assets/ReglamentoCompleto/RR-002642.pdf,https://sum.unmsm.edu.pe/reglamentomat.htm,matricula,UNKNOWN,RR-002642-2026-R,CURRENT,HIGH,Label de pagina en la seccion de reglamento de matrícula,DOC-005,PDF,UNDERGRADUATE,UNKNOWN,206,2026-09-29,CONTENT_REVIEWED,2026-09-29,RETRIEVED,Resolution approves an 18-page undergraduate enrollment regulation; operative clauses 1–2 specify commencement and disapply conflicting provisions. No exhaustive search for later amendments.,INCLUDE,Content reviewed and relevant to undergraduate enrollment; preserve document role and time coverage. Full extraction and chunk validation still required.,enrollment-undergraduate,APPROVING_RESOLUTION,DOC-001;DOC-002;DOC-003;DOC-004;DOC-043;DOC-079;DOC-080;DOC-114;DOC-115;DOC-116,SUM resolution reviewed: approves 18-page annex; disapplies conflicting provisions. Other mirror content not compared.,NOT_COMPARED,RR 002642-2026-R,UNKNOWN,RR-002642-2026-R,POSSIBLY_CURRENT,206. Label de pagina en la seccion de reglamento de matricula,INCLUDE,established,,NOT_AVAILABLE_NO_LOCAL_FILE,UNKNOWN_NO_LOCAL_BYTES,NOT_POSSIBLE_NO_LOCAL_EXTRACTED_TEXT,PRIOR_CONTENT_REVIEW_NO_LOCAL_EXTRACT,Verify extracted text/pages against the source PDF before ingestion.,https://sum.unmsm.edu.pe/assets/ReglamentoCompleto/RR-002642.pdf | https://sum.unmsm.edu.pe/reglamentomat.htm,Prior selected corpus record; keep conditional on current extraction and chunk QA.
Cronograma académico pregrado (pagina SUM),https://sum.unmsm.edu.pe/pregrado.htm,https://sum.unmsm.edu.pe,calendario_horarios_oferta,UNKNOWN,UNKNOWN,LISTED,CRITICAL,"Contiene cronograma 2026, seccion Requisitos (matrícula tradicional / via internet) y cronogramas anteriores",DOC-006,WEB_PAGE,UNDERGRADUATE,UNKNOWN,200,2026-09-29,NOT_REVIEWED,UNKNOWN,NOT_ATTEMPTED,Original inventory metadata reviewed; underlying document content not independently verified.,DISCOVERY_ONLY,Use as a source locator; extract substantive page content separately before deciding whether it belongs in retrieval.,UNKNOWN,UNDETERMINED,,No document relationship established.,NOT_COMPARED,Cronograma academico pregrado (pagina SUM),UNKNOWN,UNKNOWN,CURRENT,"Hub 200. Contiene cronograma 2026, seccion Requisitos (matricula tradicional / via internet) y cronogramas anteriores",DISCOVERY_ONLY,limited to a population,,NOT_AVAILABLE_NO_LOCAL_FILE,UNKNOWN_NO_LOCAL_BYTES,NOT_POSSIBLE_NO_LOCAL_EXTRACTED_TEXT,NOT_ASSESSED_NO_LOCAL_DOCUMENT,"Download source attachment and inspect tables, prerequisites, footnotes, signatures, and scanned pages.",https://sum.unmsm.edu.pe/pregrado.htm | https://sum.unmsm.edu.pe,Locator/catalog page; do not treat as operative rule text.
Cronograma de Actividades Académicas de Pregrado 2026,https://sum.unmsm.edu.pe/assets/cronograma/RR-014408-2025-R.pdf,https://sum.unmsm.edu.pe/pregrado.htm,calendario_horarios_oferta,UNKNOWN,RR-014408-2025-R,TEMPORARY,CRITICAL,R.R. indicada en la pagina como cronograma 2026,DOC-007,PDF,UNDERGRADUATE,2026,206,2026-09-29,NOT_REVIEWED,UNKNOWN,NOT_ATTEMPTED,Original inventory metadata reviewed; underlying document content not independently verified.,REVIEW_BEFORE_INGEST,"Read content, confirm scope/version and compare related copies before inclusion. Reachability alone is insufficient.",calendar-2026,RESOLUTION,DOC-008;DOC-082;DOC-106,2026 calendar family based on title or reported RR; only SUM annex content reviewed. Byte identity not tested.,NOT_COMPARED,Cronograma de Actividades Academicas de Pregrado 2026,UNKNOWN,RR-014408-2025-R,POSSIBLY_CURRENT,206. R.R. indicada en la pagina como cronograma 2026,REVIEW_REQUIRED,limited to a population,,NOT_AVAILABLE_NO_LOCAL_FILE,UNKNOWN_NO_LOCAL_BYTES,NOT_POSSIBLE_NO_LOCAL_EXTRACTED_TEXT,NOT_ASSESSED_NO_LOCAL_DOCUMENT,"Download source attachment and inspect tables, prerequisites, footnotes, signatures, and scanned pages.",https://sum.unmsm.edu.pe/assets/cronograma/RR-014408-2025-R.pdf | https://sum.unmsm.edu.pe/pregrado.htm,"Content identity, legal status, extraction quality, or scope has not been fully verified for ingestion."
Cronograma de Actividades Académicas de Pregrado 2026 (anexo),https://sum.unmsm.edu.pe/assets/cronograma/ANEXO_RR-014408-2025-R.pdf,https://sum.unmsm.edu.pe/pregrado.htm,calendario_horarios_oferta,UNKNOWN,RR-014408-2025-R,TEMPORARY,CRITICAL,Anexo del cronograma 2026,DOC-008,PDF,UNDERGRADUATE,2026,206,2026-09-29,CONTENT_REVIEWED,2026-09-29,RETRIEVED,"2026 calendar annex reviewed, including semester II. Contains a digital signature dated 2025-12-16; signature date is not assumed to be publication date. Faculty application cutoffs may be earlier than SUM deadlines.",INCLUDE,Content reviewed and relevant to undergraduate enrollment; preserve document role and time coverage. Full extraction and chunk validation still required.,calendar-2026,ANNEX,DOC-007;DOC-082;DOC-106,2026 calendar family based on title or reported RR; only SUM annex content reviewed. Byte identity not tested.,NOT_COMPARED,Cronograma de Actividades Academicas de Pregrado 2026 (anexo),UNKNOWN,RR-014408-2025-R,POSSIBLY_CURRENT,206. Anexo del cronograma 2026,INCLUDE,limited to a population,,NOT_AVAILABLE_NO_LOCAL_FILE,UNKNOWN_NO_LOCAL_BYTES,NOT_POSSIBLE_NO_LOCAL_EXTRACTED_TEXT,PRIOR_CONTENT_REVIEW_NO_LOCAL_EXTRACT,Verify extracted text/pages against the source PDF before ingestion.,https://sum.unmsm.edu.pe/assets/cronograma/ANEXO_RR-014408-2025-R.pdf | https://sum.unmsm.edu.pe/pregrado.htm,Prior selected corpus record; keep conditional on current extraction and chunk QA.
Cronograma de Actividades Académicas de Pregrado 2025,https://sum.unmsm.edu.pe/assets/cronograma/RR-015173-2024-R.pdf,https://sum.unmsm.edu.pe/pregrado.htm,calendario_horarios_oferta,UNKNOWN,RR-015173-2024-R,HISTORICAL,MEDIUM,Cronograma académico 2025; reemplazado por RR 014408-2025-R,DOC-009,PDF,UNDERGRADUATE,2025,206,2026-09-29,NOT_REVIEWED,UNKNOWN,NOT_ATTEMPTED,Original inventory metadata reviewed; underlying document content not independently verified.,ARCHIVE,Keep in a historical collection; read and label coverage before ingestion. Exclude from default current-policy retrieval.,UNKNOWN,UNDETERMINED,,No document relationship established.,NOT_COMPARED,Cronograma de Actividades Academicas de Pregrado 2025,UNKNOWN,RR-015173-2024-R,SUPERSEDED,206. Cronograma academico 2025; reemplazado por RR 014408-2025-R,REVIEW_REQUIRED,historical,,NOT_AVAILABLE_NO_LOCAL_FILE,UNKNOWN_NO_LOCAL_BYTES,NOT_POSSIBLE_NO_LOCAL_EXTRACTED_TEXT,NOT_ASSESSED_NO_LOCAL_DOCUMENT,"Download source attachment and inspect tables, prerequisites, footnotes, signatures, and scanned pages.",https://sum.unmsm.edu.pe/assets/cronograma/RR-015173-2024-R.pdf | https://sum.unmsm.edu.pe/pregrado.htm,"Content identity, legal status, extraction quality, or scope has not been fully verified for ingestion."
Cronograma de Actividades Académicas de Pregrado 2025 (anexo),https://sum.unmsm.edu.pe/assets/cronograma/ANEXO_RR-015173-2024-R.pdf,https://sum.unmsm.edu.pe/pregrado.htm,calendario_horarios_oferta,UNKNOWN,RR-015173-2024-R,HISTORICAL,LOW,No descriptive note in source inventory.,DOC-010,PDF,UNDERGRADUATE,2025,206,2026-09-29,NOT_REVIEWED,UNKNOWN,NOT_ATTEMPTED,Original inventory metadata reviewed; underlying document content not independently verified.,ARCHIVE,Keep in a historical collection; read and label coverage before ingestion. Exclude from default current-policy retrieval.,UNKNOWN,UNDETERMINED,,No document relationship established.,NOT_COMPARED,Cronograma de Actividades Academicas de Pregrado 2025 (anexo),UNKNOWN,RR-015173-2024-R,SUPERSEDED,206,REVIEW_REQUIRED,historical,,NOT_AVAILABLE_NO_LOCAL_FILE,UNKNOWN_NO_LOCAL_BYTES,NOT_POSSIBLE_NO_LOCAL_EXTRACTED_TEXT,NOT_ASSESSED_NO_LOCAL_DOCUMENT,"Download source attachment and inspect tables, prerequisites, footnotes, signatures, and scanned pages.",https://sum.unmsm.edu.pe/assets/cronograma/ANEXO_RR-015173-2024-R.pdf | https://sum.unmsm.edu.pe/pregrado.htm,"Content identity, legal status, extraction quality, or scope has not been fully verified for ingestion."
Cronograma de Actividades Académicas de Pregrado 2024,https://sum.unmsm.edu.pe/assets/cronograma/RR-012744-2023-R.pdf,https://sum.unmsm.edu.pe/pregrado.htm,calendario_horarios_oferta,UNKNOWN,RR-012744-2023-R,HISTORICAL,LOW,No descriptive note in source inventory.,DOC-011,PDF,UNDERGRADUATE,2024,206,2026-09-29,NOT_REVIEWED,UNKNOWN,NOT_ATTEMPTED,Original inventory metadata reviewed; underlying document content not independently verified.,ARCHIVE,Keep in a historical collection; read and label coverage before ingestion. Exclude from default current-policy retrieval.,UNKNOWN,UNDETERMINED,,No document relationship established.,NOT_COMPARED,Cronograma de Actividades Academicas de Pregrado 2024,UNKNOWN,RR-012744-2023-R,HISTORICAL,206,REVIEW_REQUIRED,historical,,NOT_AVAILABLE_NO_LOCAL_FILE,UNKNOWN_NO_LOCAL_BYTES,NOT_POSSIBLE_NO_LOCAL_EXTRACTED_TEXT,NOT_ASSESSED_NO_LOCAL_DOCUMENT,"Download source attachment and inspect tables, prerequisites, footnotes, signatures, and scanned pages.",https://sum.unmsm.edu.pe/assets/cronograma/RR-012744-2023-R.pdf | https://sum.unmsm.edu.pe/pregrado.htm,"Content identity, legal status, extraction quality, or scope has not been fully verified for ingestion."
Cronograma de Actividades Académicas de Pregrado 2024 (anexo),https://sum.unmsm.edu.pe/assets/cronograma/ANEXO_RR-012744-2023-R.pdf,https://sum.unmsm.edu.pe/pregrado.htm,calendario_horarios_oferta,UNKNOWN,RR-012744-2023-R,HISTORICAL,LOW,No descriptive note in source inventory.,DOC-012,PDF,UNDERGRADUATE,2024,206,2026-09-29,NOT_REVIEWED,UNKNOWN,NOT_ATTEMPTED,Original inventory metadata reviewed; underlying document content not independently verified.,ARCHIVE,Keep in a historical collection; read and label coverage before ingestion. Exclude from default current-policy retrieval.,UNKNOWN,UNDETERMINED,,No document relationship established.,NOT_COMPARED,Cronograma de Actividades Academicas de Pregrado 2024 (anexo),UNKNOWN,RR-012744-2023-R,HISTORICAL,206,REVIEW_REQUIRED,historical,,NOT_AVAILABLE_NO_LOCAL_FILE,UNKNOWN_NO_LOCAL_BYTES,NOT_POSSIBLE_NO_LOCAL_EXTRACTED_TEXT,NOT_ASSESSED_NO_LOCAL_DOCUMENT,"Download source attachment and inspect tables, prerequisites, footnotes, signatures, and scanned pages.",https://sum.unmsm.edu.pe/assets/cronograma/ANEXO_RR-012744-2023-R.pdf | https://sum.unmsm.edu.pe/pregrado.htm,"Content identity, legal status, extraction quality, or scope has not been fully verified for ingestion."
Cronograma de Actividades Académicas de Pregrado 2023,https://sum.unmsm.edu.pe/assets/cronograma/RR-016451-2022-R.pdf,https://sum.unmsm.edu.pe/pregrado.htm,calendario_horarios_oferta,UNKNOWN,RR-016451-2022-R,HISTORICAL,LOW,No descriptive note in source inventory.,DOC-013,PDF,UNDERGRADUATE,2023,206,2026-09-29,NOT_REVIEWED,UNKNOWN,NOT_ATTEMPTED,Original inventory metadata reviewed; underlying document content not independently verified.,ARCHIVE,Keep in a historical collection; read and label coverage before ingestion. Exclude from default current-policy retrieval.,UNKNOWN,UNDETERMINED,,No document relationship established.,NOT_COMPARED,Cronograma de Actividades Academicas de Pregrado 2023,UNKNOWN,RR-016451-2022-R,HISTORICAL,206,REVIEW_REQUIRED,historical,,NOT_AVAILABLE_NO_LOCAL_FILE,UNKNOWN_NO_LOCAL_BYTES,NOT_POSSIBLE_NO_LOCAL_EXTRACTED_TEXT,NOT_ASSESSED_NO_LOCAL_DOCUMENT,"Download source attachment and inspect tables, prerequisites, footnotes, signatures, and scanned pages.",https://sum.unmsm.edu.pe/assets/cronograma/RR-016451-2022-R.pdf | https://sum.unmsm.edu.pe/pregrado.htm,"Content identity, legal status, extraction quality, or scope has not been fully verified for ingestion."
Cronograma de Actividades Académicas de Pregrado 2023 (anexo),https://sum.unmsm.edu.pe/assets/cronograma/Anexo_RR-016451-2022-R.pdf,https://sum.unmsm.edu.pe/pregrado.htm,calendario_horarios_oferta,UNKNOWN,RR-016451-2022-R,HISTORICAL,LOW,No descriptive note in source inventory.,DOC-014,PDF,UNDERGRADUATE,2023,206,2026-09-29,NOT_REVIEWED,UNKNOWN,NOT_ATTEMPTED,Original inventory metadata reviewed; underlying document content not independently verified.,ARCHIVE,Keep in a historical collection; read and label coverage before ingestion. Exclude from default current-policy retrieval.,UNKNOWN,UNDETERMINED,,No document relationship established.,NOT_COMPARED,Cronograma de Actividades Academicas de Pregrado 2023 (anexo),UNKNOWN,RR-016451-2022-R,HISTORICAL,206,REVIEW_REQUIRED,historical,,NOT_AVAILABLE_NO_LOCAL_FILE,UNKNOWN_NO_LOCAL_BYTES,NOT_POSSIBLE_NO_LOCAL_EXTRACTED_TEXT,NOT_ASSESSED_NO_LOCAL_DOCUMENT,"Download source attachment and inspect tables, prerequisites, footnotes, signatures, and scanned pages.",https://sum.unmsm.edu.pe/assets/cronograma/Anexo_RR-016451-2022-R.pdf | https://sum.unmsm.edu.pe/pregrado.htm,"Content identity, legal status, extraction quality, or scope has not been fully verified for ingestion."
RR 000280-2023-R (cronograma SUM),https://sum.unmsm.edu.pe/assets/cronograma/RR-000280-2023-R.pdf,https://sum.unmsm.edu.pe/pregrado.htm,calendario_horarios_oferta,UNKNOWN,RR-000280-2023-R,UNKNOWN,MEDIUM,Titulo en pagina no disponible; validar contenido antes de ingerir,DOC-015,PDF,UNDETERMINED,UNKNOWN,206,2026-09-29,NOT_REVIEWED,UNKNOWN,NOT_ATTEMPTED,Original inventory metadata reviewed; underlying document content not independently verified.,REVIEW_BEFORE_INGEST,"Read content, confirm scope/version and compare related copies before inclusion. Reachability alone is insufficient.",UNKNOWN,UNDETERMINED,,No document relationship established.,NOT_COMPARED,RR 000280-2023-R (cronograma SUM),UNKNOWN,RR-000280-2023-R,UNKNOWN,206. Titulo en pagina no disponible; validar contenido antes de ingerir,REVIEW_REQUIRED,uncertain,,NOT_AVAILABLE_NO_LOCAL_FILE,UNKNOWN_NO_LOCAL_BYTES,NOT_POSSIBLE_NO_LOCAL_EXTRACTED_TEXT,NOT_ASSESSED_NO_LOCAL_DOCUMENT,"Download source attachment and inspect tables, prerequisites, footnotes, signatures, and scanned pages.",https://sum.unmsm.edu.pe/assets/cronograma/RR-000280-2023-R.pdf | https://sum.unmsm.edu.pe/pregrado.htm,"Content identity, legal status, extraction quality, or scope has not been fully verified for ingestion."
RR 004459-2023-R (cronograma SUM),https://sum.unmsm.edu.pe/assets/cronograma/RR-004459-2023-R.pdf,https://sum.unmsm.edu.pe/pregrado.htm,calendario_horarios_oferta,UNKNOWN,RR-004459-2023-R,UNKNOWN,MEDIUM,Titulo en pagina no disponible; validar contenido antes de ingerir,DOC-016,PDF,UNDETERMINED,UNKNOWN,206,2026-09-29,NOT_REVIEWED,UNKNOWN,NOT_ATTEMPTED,Original inventory metadata reviewed; underlying document content not independently verified.,REVIEW_BEFORE_INGEST,"Read content, confirm scope/version and compare related copies before inclusion. Reachability alone is insufficient.",UNKNOWN,UNDETERMINED,,No document relationship established.,NOT_COMPARED,RR 004459-2023-R (cronograma SUM),UNKNOWN,RR-004459-2023-R,UNKNOWN,206. Titulo en pagina no disponible; validar contenido antes de ingerir,REVIEW_REQUIRED,uncertain,,NOT_AVAILABLE_NO_LOCAL_FILE,UNKNOWN_NO_LOCAL_BYTES,NOT_POSSIBLE_NO_LOCAL_EXTRACTED_TEXT,NOT_ASSESSED_NO_LOCAL_DOCUMENT,"Download source attachment and inspect tables, prerequisites, footnotes, signatures, and scanned pages.",https://sum.unmsm.edu.pe/assets/cronograma/RR-004459-2023-R.pdf | https://sum.unmsm.edu.pe/pregrado.htm,"Content identity, legal status, extraction quality, or scope has not been fully verified for ingestion."
Directivas del SUM (indice),https://sum.unmsm.edu.pe/directivas.htm,https://sum.unmsm.edu.pe,procedimientos_tramites,UNKNOWN,UNKNOWN,LISTED,CRITICAL,"con 16 PDF de directivas (N-1 a 15 + registro de plan de estudios), 5 formatos y 3 RR aprobatorias",DOC-017,WEB_PAGE,UNDETERMINED,UNKNOWN,200,2026-09-29,NOT_REVIEWED,UNKNOWN,NOT_ATTEMPTED,Original inventory metadata reviewed; underlying document content not independently verified.,DISCOVERY_ONLY,Use as a source locator; extract substantive page content separately before deciding whether it belongs in retrieval.,UNKNOWN,UNDETERMINED,,No document relationship established.,NOT_COMPARED,Directivas del SUM (indice),UNKNOWN,UNKNOWN,CURRENT,"Hub 200 con 16 PDF de directivas (N-1 a 15 + registro de plan de estudios), 5 formatos y 3 RR aprobatorias",DISCOVERY_ONLY,uncertain,,NOT_AVAILABLE_NO_LOCAL_FILE,UNKNOWN_NO_LOCAL_BYTES,NOT_POSSIBLE_NO_LOCAL_EXTRACTED_TEXT,NOT_ASSESSED_NO_LOCAL_DOCUMENT,"Download source attachment and inspect tables, prerequisites, footnotes, signatures, and scanned pages.",https://sum.unmsm.edu.pe/directivas.htm | https://sum.unmsm.edu.pe,Locator/catalog page; do not treat as operative rule text.
RR 013045-2021-R (Pautas para el registro de Plan de Estudios),https://sum.unmsm.edu.pe/assets/RESOLUCIONES/013045-2021-R.pdf,https://sum.unmsm.edu.pe/directivas.htm,plan_de_estudios,UNKNOWN,RR-013045-2021-R,POSSIBLY_CURRENT,HIGH,No descriptive note in source inventory.,DOC-018,PDF,UNDETERMINED,UNKNOWN,206,2026-09-29,NOT_REVIEWED,UNKNOWN,NOT_ATTEMPTED,Original inventory metadata reviewed; underlying document content not independently verified.,REVIEW_BEFORE_INGEST,"Read content, confirm scope/version and compare related copies before inclusion. Reachability alone is insufficient.",UNKNOWN,UNDETERMINED,,No document relationship established.,NOT_COMPARED,RR 013045-2021-R (Pautas para el registro de Plan de Estudios),UNKNOWN,RR-013045-2021-R,POSSIBLY_CURRENT,206,REVIEW_REQUIRED,uncertain,,NOT_AVAILABLE_NO_LOCAL_FILE,UNKNOWN_NO_LOCAL_BYTES,NOT_POSSIBLE_NO_LOCAL_EXTRACTED_TEXT,NOT_ASSESSED_NO_LOCAL_DOCUMENT,"Download source attachment and inspect tables, prerequisites, footnotes, signatures, and scanned pages.",https://sum.unmsm.edu.pe/assets/RESOLUCIONES/013045-2021-R.pdf | https://sum.unmsm.edu.pe/directivas.htm,"Content identity, legal status, extraction quality, or scope has not been fully verified for ingestion."
RR 2272-R-13 (aprueba directivas del SUM),https://sum.unmsm.edu.pe/assets/RESOLUCIONES/2272R13.pdf,https://sum.unmsm.edu.pe/directivas.htm,procedimientos_tramites,UNKNOWN,RR-2272-R-13,HISTORICAL,LOW,No descriptive note in source inventory.,DOC-019,PDF,UNDETERMINED,UNKNOWN,206,2026-09-29,NOT_REVIEWED,UNKNOWN,NOT_ATTEMPTED,Original inventory metadata reviewed; underlying document content not independently verified.,ARCHIVE,Keep in a historical collection; read and label coverage before ingestion. Exclude from default current-policy retrieval.,UNKNOWN,UNDETERMINED,,No document relationship established.,NOT_COMPARED,RR 2272-R-13 (aprueba directivas del SUM),UNKNOWN,RR-2272-R-13,HISTORICAL,206,REVIEW_REQUIRED,historical,,NOT_AVAILABLE_NO_LOCAL_FILE,UNKNOWN_NO_LOCAL_BYTES,NOT_POSSIBLE_NO_LOCAL_EXTRACTED_TEXT,NOT_ASSESSED_NO_LOCAL_DOCUMENT,"Download source attachment and inspect tables, prerequisites, footnotes, signatures, and scanned pages.",https://sum.unmsm.edu.pe/assets/RESOLUCIONES/2272R13.pdf | https://sum.unmsm.edu.pe/directivas.htm,"Content identity, legal status, extraction quality, or scope has not been fully verified for ingestion."
RR 2810-R-13 (aprueba directivas del SUM),https://sum.unmsm.edu.pe/assets/RESOLUCIONES/2810R13.pdf,https://sum.unmsm.edu.pe/directivas.htm,procedimientos_tramites,UNKNOWN,RR-2810-R-13,HISTORICAL,LOW,No descriptive note in source inventory.,DOC-020,PDF,UNDETERMINED,UNKNOWN,206,2026-09-29,NOT_REVIEWED,UNKNOWN,NOT_ATTEMPTED,Original inventory metadata reviewed; underlying document content not independently verified.,ARCHIVE,Keep in a historical collection; read and label coverage before ingestion. Exclude from default current-policy retrieval.,UNKNOWN,UNDETERMINED,,No document relationship established.,NOT_COMPARED,RR 2810-R-13 (aprueba directivas del SUM),UNKNOWN,RR-2810-R-13,HISTORICAL,206,REVIEW_REQUIRED,historical,,NOT_AVAILABLE_NO_LOCAL_FILE,UNKNOWN_NO_LOCAL_BYTES,NOT_POSSIBLE_NO_LOCAL_EXTRACTED_TEXT,NOT_ASSESSED_NO_LOCAL_DOCUMENT,"Download source attachment and inspect tables, prerequisites, footnotes, signatures, and scanned pages.",https://sum.unmsm.edu.pe/assets/RESOLUCIONES/2810R13.pdf | https://sum.unmsm.edu.pe/directivas.htm,"Content identity, legal status, extraction quality, or scope has not been fully verified for ingestion."
Directiva SUM 001: trámite documental para generación de codigos de matrícula de ingresantes a posgrado,https://sum.unmsm.edu.pe/assets/DIRECTIVAS/Directiva001.pdf,https://sum.unmsm.edu.pe/directivas.htm,matricula,UNKNOWN,DIRECTIVA-1,POSSIBLY_CURRENT,MEDIUM,No descriptive note in source inventory.,DOC-021,PDF,POSTGRADUATE,UNKNOWN,206,2026-09-29,NOT_REVIEWED,UNKNOWN,NOT_ATTEMPTED,Original inventory metadata reviewed; underlying document content not independently verified.,OUT_OF_SCOPE,Outside the primary undergraduate student corpus; retain in inventory for a future broader corpus.,UNKNOWN,UNDETERMINED,,No document relationship established.,NOT_COMPARED,Directiva SUM 001: tramite documental para generacion de codigos de matricula de ingresantes a posgrado,UNKNOWN,DIRECTIVA-1,POSSIBLY_CURRENT,206,EXCLUDE,limited to a population,,NOT_AVAILABLE_NO_LOCAL_FILE,UNKNOWN_NO_LOCAL_BYTES,NOT_POSSIBLE_NO_LOCAL_EXTRACTED_TEXT,NOT_ASSESSED_NO_LOCAL_DOCUMENT,"Download source attachment and inspect tables, prerequisites, footnotes, signatures, and scanned pages.",https://sum.unmsm.edu.pe/assets/DIRECTIVAS/Directiva001.pdf | https://sum.unmsm.edu.pe/directivas.htm,Outside the undergraduate FISI student corpus defined by the existing review.
Directiva SUM 001-2021: pautas para registro de Plan de Estudios,https://sum.unmsm.edu.pe/assets/DIRECTIVAS/Directiva001-2021.pdf,https://sum.unmsm.edu.pe/directivas.htm,plan_de_estudios,UNKNOWN,DIRECTIVA-001-2021,POSSIBLY_CURRENT,HIGH,No descriptive note in source inventory.,DOC-022,PDF,UNDETERMINED,UNKNOWN,206,2026-09-29,NOT_REVIEWED,UNKNOWN,NOT_ATTEMPTED,Original inventory metadata reviewed; underlying document content not independently verified.,REVIEW_BEFORE_INGEST,"Read content, confirm scope/version and compare related copies before inclusion. Reachability alone is insufficient.",UNKNOWN,UNDETERMINED,,No document relationship established.,NOT_COMPARED,Directiva SUM 001-2021: pautas para registro de Plan de Estudios,UNKNOWN,DIRECTIVA-001-2021,POSSIBLY_CURRENT,206,REVIEW_REQUIRED,uncertain,,NOT_AVAILABLE_NO_LOCAL_FILE,UNKNOWN_NO_LOCAL_BYTES,NOT_POSSIBLE_NO_LOCAL_EXTRACTED_TEXT,NOT_ASSESSED_NO_LOCAL_DOCUMENT,"Download source attachment and inspect tables, prerequisites, footnotes, signatures, and scanned pages.",https://sum.unmsm.edu.pe/assets/DIRECTIVAS/Directiva001-2021.pdf | https://sum.unmsm.edu.pe/directivas.htm,"Content identity, legal status, extraction quality, or scope has not been fully verified for ingestion."
Formato A5 D5 (anexo a directiva SUM),https://sum.unmsm.edu.pe/assets/DIRECTIVAS/FORMATO_A5_D5.pdf,https://sum.unmsm.edu.pe/directivas.htm,formularios,UNKNOWN,UNKNOWN,UNKNOWN,LOW,No descriptive note in source inventory.,DOC-023,PDF,UNDETERMINED,UNKNOWN,206,2026-09-29,NOT_REVIEWED,UNKNOWN,NOT_ATTEMPTED,Original inventory metadata reviewed; underlying document content not independently verified.,REVIEW_BEFORE_INGEST,"Read content, confirm scope/version and compare related copies before inclusion. Reachability alone is insufficient.",UNKNOWN,UNDETERMINED,,No document relationship established.,NOT_COMPARED,Formato A5 D5 (anexo a directiva SUM),UNKNOWN,UNKNOWN,UNKNOWN,206,REVIEW_REQUIRED,uncertain,,NOT_AVAILABLE_NO_LOCAL_FILE,UNKNOWN_NO_LOCAL_BYTES,NOT_POSSIBLE_NO_LOCAL_EXTRACTED_TEXT,NOT_ASSESSED_NO_LOCAL_DOCUMENT,"Download source attachment and inspect tables, prerequisites, footnotes, signatures, and scanned pages.",https://sum.unmsm.edu.pe/assets/DIRECTIVAS/FORMATO_A5_D5.pdf | https://sum.unmsm.edu.pe/directivas.htm,"Content identity, legal status, extraction quality, or scope has not been fully verified for ingestion."
Formato A4 D1 (anexo a directiva SUM),https://sum.unmsm.edu.pe/assets/DIRECTIVAS/FORMATO_A4_D1.pdf,https://sum.unmsm.edu.pe/directivas.htm,formularios,UNKNOWN,UNKNOWN,UNKNOWN,LOW,No descriptive note in source inventory.,DOC-024,PDF,UNDETERMINED,UNKNOWN,206,2026-09-29,NOT_REVIEWED,UNKNOWN,NOT_ATTEMPTED,Original inventory metadata reviewed; underlying document content not independently verified.,REVIEW_BEFORE_INGEST,"Read content, confirm scope/version and compare related copies before inclusion. Reachability alone is insufficient.",UNKNOWN,UNDETERMINED,,No document relationship established.,NOT_COMPARED,Formato A4 D1 (anexo a directiva SUM),UNKNOWN,UNKNOWN,UNKNOWN,206,REVIEW_REQUIRED,uncertain,,NOT_AVAILABLE_NO_LOCAL_FILE,UNKNOWN_NO_LOCAL_BYTES,NOT_POSSIBLE_NO_LOCAL_EXTRACTED_TEXT,NOT_ASSESSED_NO_LOCAL_DOCUMENT,"Download source attachment and inspect tables, prerequisites, footnotes, signatures, and scanned pages.",https://sum.unmsm.edu.pe/assets/DIRECTIVAS/FORMATO_A4_D1.pdf | https://sum.unmsm.edu.pe/directivas.htm,"Content identity, legal status, extraction quality, or scope has not been fully verified for ingestion."
Directiva SUM 002: trámite de actas adicionales,https://sum.unmsm.edu.pe/assets/DIRECTIVAS/Directiva002.pdf,https://sum.unmsm.edu.pe/directivas.htm,procedimientos_tramites,UNKNOWN,DIRECTIVA-2,POSSIBLY_CURRENT,LOW,No descriptive note in source inventory.,DOC-025,PDF,UNDETERMINED,UNKNOWN,206,2026-09-29,NOT_REVIEWED,UNKNOWN,NOT_ATTEMPTED,Original inventory metadata reviewed; underlying document content not independently verified.,REVIEW_BEFORE_INGEST,"Read content, confirm scope/version and compare related copies before inclusion. Reachability alone is insufficient.",UNKNOWN,UNDETERMINED,,No document relationship established.,NOT_COMPARED,Directiva SUM 002: tramite de actas adicionales,UNKNOWN,DIRECTIVA-2,POSSIBLY_CURRENT,206,REVIEW_REQUIRED,uncertain,,NOT_AVAILABLE_NO_LOCAL_FILE,UNKNOWN_NO_LOCAL_BYTES,NOT_POSSIBLE_NO_LOCAL_EXTRACTED_TEXT,NOT_ASSESSED_NO_LOCAL_DOCUMENT,"Download source attachment and inspect tables, prerequisites, footnotes, signatures, and scanned pages.",https://sum.unmsm.edu.pe/assets/DIRECTIVAS/Directiva002.pdf | https://sum.unmsm.edu.pe/directivas.htm,"Content identity, legal status, extraction quality, or scope has not been fully verified for ingestion."
Formato constancia de notas (anexo directiva 002),https://sum.unmsm.edu.pe/assets/DIRECTIVAS/CONSTANCIA_DE_NOTASANEXO01-D2.pdf,https://sum.unmsm.edu.pe/directivas.htm,formularios,UNKNOWN,UNKNOWN,UNKNOWN,LOW,No descriptive note in source inventory.,DOC-026,PDF,UNDETERMINED,UNKNOWN,206,2026-09-29,NOT_REVIEWED,UNKNOWN,NOT_ATTEMPTED,Original inventory metadata reviewed; underlying document content not independently verified.,REVIEW_BEFORE_INGEST,"Read content, confirm scope/version and compare related copies before inclusion. Reachability alone is insufficient.",UNKNOWN,UNDETERMINED,,No document relationship established.,NOT_COMPARED,Formato constancia de notas (anexo directiva 002),UNKNOWN,UNKNOWN,UNKNOWN,206,REVIEW_REQUIRED,uncertain,,NOT_AVAILABLE_NO_LOCAL_FILE,UNKNOWN_NO_LOCAL_BYTES,NOT_POSSIBLE_NO_LOCAL_EXTRACTED_TEXT,NOT_ASSESSED_NO_LOCAL_DOCUMENT,"Download source attachment and inspect tables, prerequisites, footnotes, signatures, and scanned pages.",https://sum.unmsm.edu.pe/assets/DIRECTIVAS/CONSTANCIA_DE_NOTASANEXO01-D2.pdf | https://sum.unmsm.edu.pe/directivas.htm,"Content identity, legal status, extraction quality, or scope has not been fully verified for ingestion."
Directiva SUM 003: trámite de actas de jurado ad-hoc para pregrado,https://sum.unmsm.edu.pe/assets/DIRECTIVAS/Directiva003.pdf,https://sum.unmsm.edu.pe/directivas.htm,grados_titulos,UNKNOWN,DIRECTIVA-3,POSSIBLY_CURRENT,LOW,No descriptive note in source inventory.,DOC-027,PDF,UNDERGRADUATE,UNKNOWN,206,2026-09-29,NOT_REVIEWED,UNKNOWN,NOT_ATTEMPTED,Original inventory metadata reviewed; underlying document content not independently verified.,REVIEW_BEFORE_INGEST,"Read content, confirm scope/version and compare related copies before inclusion. Reachability alone is insufficient.",UNKNOWN,UNDETERMINED,,No document relationship established.,NOT_COMPARED,Directiva SUM 003: tramite de actas de jurado ad-hoc para pregrado,UNKNOWN,DIRECTIVA-3,POSSIBLY_CURRENT,206,REVIEW_REQUIRED,limited to a population,,NOT_AVAILABLE_NO_LOCAL_FILE,UNKNOWN_NO_LOCAL_BYTES,NOT_POSSIBLE_NO_LOCAL_EXTRACTED_TEXT,NOT_ASSESSED_NO_LOCAL_DOCUMENT,"Download source attachment and inspect tables, prerequisites, footnotes, signatures, and scanned pages.",https://sum.unmsm.edu.pe/assets/DIRECTIVAS/Directiva003.pdf | https://sum.unmsm.edu.pe/directivas.htm,"Content identity, legal status, extraction quality, or scope has not been fully verified for ingestion."
Directiva SUM 004: trámite de quinta matrícula,https://sum.unmsm.edu.pe/assets/DIRECTIVAS/Directiva004.pdf,https://sum.unmsm.edu.pe/directivas.htm,matricula,UNKNOWN,DIRECTIVA-4,POSSIBLY_CURRENT,HIGH,Regla de límite de créditos/carga: quinta matrícula,DOC-028,PDF,UNDETERMINED,UNKNOWN,206,2026-09-29,NOT_REVIEWED,UNKNOWN,NOT_ATTEMPTED,Original inventory metadata reviewed; underlying document content not independently verified.,REVIEW_BEFORE_INGEST,"Read content, confirm scope/version and compare related copies before inclusion. Reachability alone is insufficient.",UNKNOWN,UNDETERMINED,,No document relationship established.,NOT_COMPARED,Directiva SUM 004: tramite de quinta matricula,UNKNOWN,DIRECTIVA-4,POSSIBLY_CURRENT,206. Regla de limite de creditos/carga: quinta matricula,REVIEW_REQUIRED,uncertain,,NOT_AVAILABLE_NO_LOCAL_FILE,UNKNOWN_NO_LOCAL_BYTES,NOT_POSSIBLE_NO_LOCAL_EXTRACTED_TEXT,NOT_ASSESSED_NO_LOCAL_DOCUMENT,"Download source attachment and inspect tables, prerequisites, footnotes, signatures, and scanned pages.",https://sum.unmsm.edu.pe/assets/DIRECTIVAS/Directiva004.pdf | https://sum.unmsm.edu.pe/directivas.htm,"Content identity, legal status, extraction quality, or scope has not been fully verified for ingestion."
Directiva SUM 005: trámite de reactualización de matrícula,https://sum.unmsm.edu.pe/assets/DIRECTIVAS/Directiva005.pdf,https://sum.unmsm.edu.pe/directivas.htm,retiros_reservas_reincorporacion,UNKNOWN,DIRECTIVA-5,POSSIBLY_CURRENT,HIGH,No descriptive note in source inventory.,DOC-029,PDF,UNDETERMINED,UNKNOWN,206,2026-09-29,NOT_REVIEWED,UNKNOWN,NOT_ATTEMPTED,Original inventory metadata reviewed; underlying document content not independently verified.,REVIEW_BEFORE_INGEST,"Read content, confirm scope/version and compare related copies before inclusion. Reachability alone is insufficient.",UNKNOWN,UNDETERMINED,,No document relationship established.,NOT_COMPARED,Directiva SUM 005: tramite de reactualizacion de matricula,UNKNOWN,DIRECTIVA-5,POSSIBLY_CURRENT,206,REVIEW_REQUIRED,uncertain,,NOT_AVAILABLE_NO_LOCAL_FILE,UNKNOWN_NO_LOCAL_BYTES,NOT_POSSIBLE_NO_LOCAL_EXTRACTED_TEXT,NOT_ASSESSED_NO_LOCAL_DOCUMENT,"Download source attachment and inspect tables, prerequisites, footnotes, signatures, and scanned pages.",https://sum.unmsm.edu.pe/assets/DIRECTIVAS/Directiva005.pdf | https://sum.unmsm.edu.pe/directivas.htm,"Content identity, legal status, extraction quality, or scope has not been fully verified for ingestion."
Directiva SUM 006: trámite de rectificación de matrícula,https://sum.unmsm.edu.pe/assets/DIRECTIVAS/Directiva006.pdf,https://sum.unmsm.edu.pe/directivas.htm,retiros_reservas_reincorporacion,UNKNOWN,DIRECTIVA-6,POSSIBLY_CURRENT,HIGH,No descriptive note in source inventory.,DOC-030,PDF,UNDETERMINED,UNKNOWN,206,2026-09-29,NOT_REVIEWED,UNKNOWN,NOT_ATTEMPTED,Original inventory metadata reviewed; underlying document content not independently verified.,REVIEW_BEFORE_INGEST,"Read content, confirm scope/version and compare related copies before inclusion. Reachability alone is insufficient.",UNKNOWN,UNDETERMINED,,No document relationship established.,NOT_COMPARED,Directiva SUM 006: tramite de rectificacion de matricula,UNKNOWN,DIRECTIVA-6,POSSIBLY_CURRENT,206,REVIEW_REQUIRED,uncertain,,NOT_AVAILABLE_NO_LOCAL_FILE,UNKNOWN_NO_LOCAL_BYTES,NOT_POSSIBLE_NO_LOCAL_EXTRACTED_TEXT,NOT_ASSESSED_NO_LOCAL_DOCUMENT,"Download source attachment and inspect tables, prerequisites, footnotes, signatures, and scanned pages.",https://sum.unmsm.edu.pe/assets/DIRECTIVAS/Directiva006.pdf | https://sum.unmsm.edu.pe/directivas.htm,"Content identity, legal status, extraction quality, or scope has not been fully verified for ingestion."
Directiva SUM 007: trámite de convalidación de asignaturas,https://sum.unmsm.edu.pe/assets/DIRECTIVAS/Directiva007.pdf,https://sum.unmsm.edu.pe/directivas.htm,procedimientos_tramites,UNKNOWN,DIRECTIVA-7,POSSIBLY_CURRENT,HIGH,No descriptive note in source inventory.,DOC-031,PDF,UNDETERMINED,UNKNOWN,206,2026-09-29,NOT_REVIEWED,UNKNOWN,NOT_ATTEMPTED,Original inventory metadata reviewed; underlying document content not independently verified.,REVIEW_BEFORE_INGEST,"Read content, confirm scope/version and compare related copies before inclusion. Reachability alone is insufficient.",UNKNOWN,UNDETERMINED,,No document relationship established.,NOT_COMPARED,Directiva SUM 007: tramite de convalidacion de asignaturas,UNKNOWN,DIRECTIVA-7,POSSIBLY_CURRENT,206,REVIEW_REQUIRED,uncertain,,NOT_AVAILABLE_NO_LOCAL_FILE,UNKNOWN_NO_LOCAL_BYTES,NOT_POSSIBLE_NO_LOCAL_EXTRACTED_TEXT,NOT_ASSESSED_NO_LOCAL_DOCUMENT,"Download source attachment and inspect tables, prerequisites, footnotes, signatures, and scanned pages.",https://sum.unmsm.edu.pe/assets/DIRECTIVAS/Directiva007.pdf | https://sum.unmsm.edu.pe/directivas.htm,"Content identity, legal status, extraction quality, or scope has not been fully verified for ingestion."
Formato D7 (anexo directiva convalidación),https://sum.unmsm.edu.pe/assets/DIRECTIVAS/formatoD7.pdf,https://sum.unmsm.edu.pe/directivas.htm,formularios,UNKNOWN,UNKNOWN,UNKNOWN,LOW,No descriptive note in source inventory.,DOC-032,PDF,UNDETERMINED,UNKNOWN,206,2026-09-29,NOT_REVIEWED,UNKNOWN,NOT_ATTEMPTED,Original inventory metadata reviewed; underlying document content not independently verified.,REVIEW_BEFORE_INGEST,"Read content, confirm scope/version and compare related copies before inclusion. Reachability alone is insufficient.",UNKNOWN,UNDETERMINED,,No document relationship established.,NOT_COMPARED,Formato D7 (anexo directiva convalidacion),UNKNOWN,UNKNOWN,UNKNOWN,206,REVIEW_REQUIRED,uncertain,,NOT_AVAILABLE_NO_LOCAL_FILE,UNKNOWN_NO_LOCAL_BYTES,NOT_POSSIBLE_NO_LOCAL_EXTRACTED_TEXT,NOT_ASSESSED_NO_LOCAL_DOCUMENT,"Download source attachment and inspect tables, prerequisites, footnotes, signatures, and scanned pages.",https://sum.unmsm.edu.pe/assets/DIRECTIVAS/formatoD7.pdf | https://sum.unmsm.edu.pe/directivas.htm,"Content identity, legal status, extraction quality, or scope has not been fully verified for ingestion."
Directiva SUM 008: trámite de equivalencia de asignaturas,https://sum.unmsm.edu.pe/assets/DIRECTIVAS/Directiva008.pdf,https://sum.unmsm.edu.pe/directivas.htm,procedimientos_tramites,UNKNOWN,DIRECTIVA-8,POSSIBLY_CURRENT,HIGH,No descriptive note in source inventory.,DOC-033,PDF,UNDETERMINED,UNKNOWN,206,2026-09-29,NOT_REVIEWED,UNKNOWN,NOT_ATTEMPTED,Original inventory metadata reviewed; underlying document content not independently verified.,REVIEW_BEFORE_INGEST,"Read content, confirm scope/version and compare related copies before inclusion. Reachability alone is insufficient.",UNKNOWN,UNDETERMINED,,No document relationship established.,NOT_COMPARED,Directiva SUM 008: tramite de equivalencia de asignaturas,UNKNOWN,DIRECTIVA-8,POSSIBLY_CURRENT,206,REVIEW_REQUIRED,uncertain,,NOT_AVAILABLE_NO_LOCAL_FILE,UNKNOWN_NO_LOCAL_BYTES,NOT_POSSIBLE_NO_LOCAL_EXTRACTED_TEXT,NOT_ASSESSED_NO_LOCAL_DOCUMENT,"Download source attachment and inspect tables, prerequisites, footnotes, signatures, and scanned pages.",https://sum.unmsm.edu.pe/assets/DIRECTIVAS/Directiva008.pdf | https://sum.unmsm.edu.pe/directivas.htm,"Content identity, legal status, extraction quality, or scope has not been fully verified for ingestion."
Formato D8 (anexo directiva equivalencia),https://sum.unmsm.edu.pe/assets/DIRECTIVAS/formatoD8.pdf,https://sum.unmsm.edu.pe/directivas.htm,formularios,UNKNOWN,UNKNOWN,UNKNOWN,LOW,No descriptive note in source inventory.,DOC-034,PDF,UNDETERMINED,UNKNOWN,206,2026-09-29,NOT_REVIEWED,UNKNOWN,NOT_ATTEMPTED,Original inventory metadata reviewed; underlying document content not independently verified.,REVIEW_BEFORE_INGEST,"Read content, confirm scope/version and compare related copies before inclusion. Reachability alone is insufficient.",UNKNOWN,UNDETERMINED,,No document relationship established.,NOT_COMPARED,Formato D8 (anexo directiva equivalencia),UNKNOWN,UNKNOWN,UNKNOWN,206,REVIEW_REQUIRED,uncertain,,NOT_AVAILABLE_NO_LOCAL_FILE,UNKNOWN_NO_LOCAL_BYTES,NOT_POSSIBLE_NO_LOCAL_EXTRACTED_TEXT,NOT_ASSESSED_NO_LOCAL_DOCUMENT,"Download source attachment and inspect tables, prerequisites, footnotes, signatures, and scanned pages.",https://sum.unmsm.edu.pe/assets/DIRECTIVAS/formatoD8.pdf | https://sum.unmsm.edu.pe/directivas.htm,"Content identity, legal status, extraction quality, or scope has not been fully verified for ingestion."
Directiva SUM 009: trámite de reserva de matrícula,https://sum.unmsm.edu.pe/assets/DIRECTIVAS/Directiva009.pdf,https://sum.unmsm.edu.pe/directivas.htm,retiros_reservas_reincorporacion,UNKNOWN,DIRECTIVA-9,POSSIBLY_CURRENT,CRITICAL,No descriptive note in source inventory.,DOC-035,PDF,UNDETERMINED,UNKNOWN,206,2026-09-29,NOT_REVIEWED,UNKNOWN,NOT_ATTEMPTED,Original inventory metadata reviewed; underlying document content not independently verified.,REVIEW_BEFORE_INGEST,"Read content, confirm scope/version and compare related copies before inclusion. Reachability alone is insufficient.",UNKNOWN,UNDETERMINED,,No document relationship established.,NOT_COMPARED,Directiva SUM 009: tramite de reserva de matricula,UNKNOWN,DIRECTIVA-9,POSSIBLY_CURRENT,206,REVIEW_REQUIRED,uncertain,,NOT_AVAILABLE_NO_LOCAL_FILE,UNKNOWN_NO_LOCAL_BYTES,NOT_POSSIBLE_NO_LOCAL_EXTRACTED_TEXT,NOT_ASSESSED_NO_LOCAL_DOCUMENT,"Download source attachment and inspect tables, prerequisites, footnotes, signatures, and scanned pages.",https://sum.unmsm.edu.pe/assets/DIRECTIVAS/Directiva009.pdf | https://sum.unmsm.edu.pe/directivas.htm,"Content identity, legal status, extraction quality, or scope has not been fully verified for ingestion."
Directiva SUM 010: trámite de matrícula extemporanea,https://sum.unmsm.edu.pe/assets/DIRECTIVAS/Directiva10.pdf,https://sum.unmsm.edu.pe/directivas.htm,matricula,UNKNOWN,DIRECTIVA-10,POSSIBLY_CURRENT,CRITICAL,No descriptive note in source inventory.,DOC-036,PDF,UNDETERMINED,UNKNOWN,206,2026-09-29,NOT_REVIEWED,UNKNOWN,NOT_ATTEMPTED,Original inventory metadata reviewed; underlying document content not independently verified.,REVIEW_BEFORE_INGEST,"Read content, confirm scope/version and compare related copies before inclusion. Reachability alone is insufficient.",UNKNOWN,UNDETERMINED,,No document relationship established.,NOT_COMPARED,Directiva SUM 010: tramite de matricula extemporanea,UNKNOWN,DIRECTIVA-10,POSSIBLY_CURRENT,206,REVIEW_REQUIRED,uncertain,,NOT_AVAILABLE_NO_LOCAL_FILE,UNKNOWN_NO_LOCAL_BYTES,NOT_POSSIBLE_NO_LOCAL_EXTRACTED_TEXT,NOT_ASSESSED_NO_LOCAL_DOCUMENT,"Download source attachment and inspect tables, prerequisites, footnotes, signatures, and scanned pages.",https://sum.unmsm.edu.pe/assets/DIRECTIVAS/Directiva10.pdf | https://sum.unmsm.edu.pe/directivas.htm,"Content identity, legal status, extraction quality, or scope has not been fully verified for ingestion."
Directiva SUM 011: trámite de registro de plan de estudios,https://sum.unmsm.edu.pe/assets/DIRECTIVAS/Directiva11.pdf,https://sum.unmsm.edu.pe/directivas.htm,plan_de_estudios,UNKNOWN,DIRECTIVA-11,POSSIBLY_CURRENT,HIGH,No descriptive note in source inventory.,DOC-037,PDF,UNDETERMINED,UNKNOWN,206,2026-09-29,NOT_REVIEWED,UNKNOWN,NOT_ATTEMPTED,Original inventory metadata reviewed; underlying document content not independently verified.,REVIEW_BEFORE_INGEST,"Read content, confirm scope/version and compare related copies before inclusion. Reachability alone is insufficient.",UNKNOWN,UNDETERMINED,,No document relationship established.,NOT_COMPARED,Directiva SUM 011: tramite de registro de plan de estudios,UNKNOWN,DIRECTIVA-11,POSSIBLY_CURRENT,206,REVIEW_REQUIRED,uncertain,,NOT_AVAILABLE_NO_LOCAL_FILE,UNKNOWN_NO_LOCAL_BYTES,NOT_POSSIBLE_NO_LOCAL_EXTRACTED_TEXT,NOT_ASSESSED_NO_LOCAL_DOCUMENT,"Download source attachment and inspect tables, prerequisites, footnotes, signatures, and scanned pages.",https://sum.unmsm.edu.pe/assets/DIRECTIVAS/Directiva11.pdf | https://sum.unmsm.edu.pe/directivas.htm,"Content identity, legal status, extraction quality, or scope has not been fully verified for ingestion."
Directiva SUM 012: rectificación de nombres y/o apellidos,https://sum.unmsm.edu.pe/assets/DIRECTIVAS/Directiva12.pdf,https://sum.unmsm.edu.pe/directivas.htm,procedimientos_tramites,UNKNOWN,DIRECTIVA-12,POSSIBLY_CURRENT,LOW,No descriptive note in source inventory.,DOC-038,PDF,UNDETERMINED,UNKNOWN,206,2026-09-29,NOT_REVIEWED,UNKNOWN,NOT_ATTEMPTED,Original inventory metadata reviewed; underlying document content not independently verified.,REVIEW_BEFORE_INGEST,"Read content, confirm scope/version and compare related copies before inclusion. Reachability alone is insufficient.",UNKNOWN,UNDETERMINED,,No document relationship established.,NOT_COMPARED,Directiva SUM 012: rectificacion de nombres y/o apellidos,UNKNOWN,DIRECTIVA-12,POSSIBLY_CURRENT,206,REVIEW_REQUIRED,uncertain,,NOT_AVAILABLE_NO_LOCAL_FILE,UNKNOWN_NO_LOCAL_BYTES,NOT_POSSIBLE_NO_LOCAL_EXTRACTED_TEXT,NOT_ASSESSED_NO_LOCAL_DOCUMENT,"Download source attachment and inspect tables, prerequisites, footnotes, signatures, and scanned pages.",https://sum.unmsm.edu.pe/assets/DIRECTIVAS/Directiva12.pdf | https://sum.unmsm.edu.pe/directivas.htm,"Content identity, legal status, extraction quality, or scope has not been fully verified for ingestion."
Directiva SUM 013: registro de actas antiguas,https://sum.unmsm.edu.pe/assets/DIRECTIVAS/Directiva13.pdf,https://sum.unmsm.edu.pe/directivas.htm,procedimientos_tramites,UNKNOWN,DIRECTIVA-13,POSSIBLY_CURRENT,LOW,No descriptive note in source inventory.,DOC-039,PDF,UNDETERMINED,UNKNOWN,206,2026-09-29,NOT_REVIEWED,UNKNOWN,NOT_ATTEMPTED,Original inventory metadata reviewed; underlying document content not independently verified.,REVIEW_BEFORE_INGEST,"Read content, confirm scope/version and compare related copies before inclusion. Reachability alone is insufficient.",UNKNOWN,UNDETERMINED,,No document relationship established.,NOT_COMPARED,Directiva SUM 013: registro de actas antiguas,UNKNOWN,DIRECTIVA-13,POSSIBLY_CURRENT,206,REVIEW_REQUIRED,uncertain,,NOT_AVAILABLE_NO_LOCAL_FILE,UNKNOWN_NO_LOCAL_BYTES,NOT_POSSIBLE_NO_LOCAL_EXTRACTED_TEXT,NOT_ASSESSED_NO_LOCAL_DOCUMENT,"Download source attachment and inspect tables, prerequisites, footnotes, signatures, and scanned pages.",https://sum.unmsm.edu.pe/assets/DIRECTIVAS/Directiva13.pdf | https://sum.unmsm.edu.pe/directivas.htm,"Content identity, legal status, extraction quality, or scope has not been fully verified for ingestion."
Directiva SUM 014: trámite previo al proceso de matrícula,https://sum.unmsm.edu.pe/assets/DIRECTIVAS/Directiva14.pdf,https://sum.unmsm.edu.pe/directivas.htm,matricula,UNKNOWN,DIRECTIVA-14,POSSIBLY_CURRENT,HIGH,No descriptive note in source inventory.,DOC-040,PDF,UNDETERMINED,UNKNOWN,206,2026-09-29,NOT_REVIEWED,UNKNOWN,NOT_ATTEMPTED,Original inventory metadata reviewed; underlying document content not independently verified.,REVIEW_BEFORE_INGEST,"Read content, confirm scope/version and compare related copies before inclusion. Reachability alone is insufficient.",UNKNOWN,UNDETERMINED,,No document relationship established.,NOT_COMPARED,Directiva SUM 014: tramite previo al proceso de matricula,UNKNOWN,DIRECTIVA-14,POSSIBLY_CURRENT,206,REVIEW_REQUIRED,uncertain,,NOT_AVAILABLE_NO_LOCAL_FILE,UNKNOWN_NO_LOCAL_BYTES,NOT_POSSIBLE_NO_LOCAL_EXTRACTED_TEXT,NOT_ASSESSED_NO_LOCAL_DOCUMENT,"Download source attachment and inspect tables, prerequisites, footnotes, signatures, and scanned pages.",https://sum.unmsm.edu.pe/assets/DIRECTIVAS/Directiva14.pdf | https://sum.unmsm.edu.pe/directivas.htm,"Content identity, legal status, extraction quality, or scope has not been fully verified for ingestion."
Directiva SUM 015: trámite de usuarios al sistema de matrícula,https://sum.unmsm.edu.pe/assets/DIRECTIVAS/Directiva15.pdf,https://sum.unmsm.edu.pe/directivas.htm,sum_sistema,UNKNOWN,DIRECTIVA-15,POSSIBLY_CURRENT,LOW,No descriptive note in source inventory.,DOC-041,PDF,UNDETERMINED,UNKNOWN,206,2026-09-29,NOT_REVIEWED,UNKNOWN,NOT_ATTEMPTED,Original inventory metadata reviewed; underlying document content not independently verified.,REVIEW_BEFORE_INGEST,"Read content, confirm scope/version and compare related copies before inclusion. Reachability alone is insufficient.",UNKNOWN,UNDETERMINED,,No document relationship established.,NOT_COMPARED,Directiva SUM 015: tramite de usuarios al sistema de matricula,UNKNOWN,DIRECTIVA-15,POSSIBLY_CURRENT,206,REVIEW_REQUIRED,uncertain,,NOT_AVAILABLE_NO_LOCAL_FILE,UNKNOWN_NO_LOCAL_BYTES,NOT_POSSIBLE_NO_LOCAL_EXTRACTED_TEXT,NOT_ASSESSED_NO_LOCAL_DOCUMENT,"Download source attachment and inspect tables, prerequisites, footnotes, signatures, and scanned pages.",https://sum.unmsm.edu.pe/assets/DIRECTIVAS/Directiva15.pdf | https://sum.unmsm.edu.pe/directivas.htm,"Content identity, legal status, extraction quality, or scope has not been fully verified for ingestion."
Resoluciones Rectorales del SUM (indice),https://sum.unmsm.edu.pe/resoluciones.htm,https://sum.unmsm.edu.pe,reglamento_academico,UNKNOWN,UNKNOWN,LISTED,CRITICAL,con 30 documentos (RR y anexos); label y href extraidos del HTML,DOC-042,WEB_PAGE,UNDETERMINED,UNKNOWN,200,2026-09-29,NOT_REVIEWED,UNKNOWN,NOT_ATTEMPTED,Original inventory metadata reviewed; underlying document content not independently verified.,DISCOVERY_ONLY,Use as a source locator; extract substantive page content separately before deciding whether it belongs in retrieval.,UNKNOWN,UNDETERMINED,,No document relationship established.,NOT_COMPARED,Resoluciones Rectorales del SUM (indice),UNKNOWN,UNKNOWN,CURRENT,Hub 200 con 30 documentos (RR y anexos); label y href extraidos del HTML,DISCOVERY_ONLY,uncertain,,NOT_AVAILABLE_NO_LOCAL_FILE,UNKNOWN_NO_LOCAL_BYTES,NOT_POSSIBLE_NO_LOCAL_EXTRACTED_TEXT,NOT_ASSESSED_NO_LOCAL_DOCUMENT,"Download source attachment and inspect tables, prerequisites, footnotes, signatures, and scanned pages.",https://sum.unmsm.edu.pe/resoluciones.htm | https://sum.unmsm.edu.pe,Locator/catalog page; do not treat as operative rule text.
Modificación del Reglamento de Matrícula,https://sum.unmsm.edu.pe/assets/RESOLUCIONES/017708-2020-R.pdf,https://sum.unmsm.edu.pe/resoluciones.htm,matricula,UNKNOWN,RR-017708-R-20,UNKNOWN,HIGH,Older enrollment amendment; current applicability and extent of replacement require clause-level comparison.,DOC-043,PDF,UNDETERMINED,UNKNOWN,206,2026-09-29,NOT_REVIEWED,UNKNOWN,NOT_ATTEMPTED,Original inventory metadata reviewed; underlying document content not independently verified.,REVIEW_BEFORE_INGEST,"Read content, confirm scope/version and compare related copies before inclusion. Reachability alone is insufficient.",enrollment-undergraduate,UNDETERMINED,DOC-001;DOC-002;DOC-003;DOC-004;DOC-005;DOC-079;DOC-080;DOC-114;DOC-115;DOC-116,"Topic grouping only; no content equivalence, repeal or version identity established.",NOT_COMPARED,Modificacion del Reglamento de Matricula,UNKNOWN,RR-017708-R-20,SUPERSEDED,206. Modifica el Reglamento de Matricula; sucesoras: 006376-2023-R / 002891-2025-R / 002642-2026-R,REVIEW_REQUIRED,uncertain,,NOT_AVAILABLE_NO_LOCAL_FILE,UNKNOWN_NO_LOCAL_BYTES,NOT_POSSIBLE_NO_LOCAL_EXTRACTED_TEXT,NOT_ASSESSED_NO_LOCAL_DOCUMENT,"Download source attachment and inspect tables, prerequisites, footnotes, signatures, and scanned pages.",https://sum.unmsm.edu.pe/assets/RESOLUCIONES/017708-2020-R.pdf | https://sum.unmsm.edu.pe/resoluciones.htm,"Content identity, legal status, extraction quality, or scope has not been fully verified for ingestion."
RR 016451-2022-R: aprobación cronograma pregrado 2023-2,https://sum.unmsm.edu.pe/assets/RESOLUCIONES/016451-2022-R.pdf,https://sum.unmsm.edu.pe/resoluciones.htm,calendario_horarios_oferta,UNKNOWN,RR-016451-2022-R,HISTORICAL,LOW,No descriptive note in source inventory.,DOC-044,PDF,UNDERGRADUATE,UNKNOWN,206,2026-09-29,NOT_REVIEWED,UNKNOWN,NOT_ATTEMPTED,Original inventory metadata reviewed; underlying document content not independently verified.,ARCHIVE,Keep in a historical collection; read and label coverage before ingestion. Exclude from default current-policy retrieval.,UNKNOWN,UNDETERMINED,,No document relationship established.,NOT_COMPARED,RR 016451-2022-R: aprobacion cronograma pregrado 2023-2,UNKNOWN,RR-016451-2022-R,HISTORICAL,206,REVIEW_REQUIRED,historical,,NOT_AVAILABLE_NO_LOCAL_FILE,UNKNOWN_NO_LOCAL_BYTES,NOT_POSSIBLE_NO_LOCAL_EXTRACTED_TEXT,NOT_ASSESSED_NO_LOCAL_DOCUMENT,"Download source attachment and inspect tables, prerequisites, footnotes, signatures, and scanned pages.",https://sum.unmsm.edu.pe/assets/RESOLUCIONES/016451-2022-R.pdf | https://sum.unmsm.edu.pe/resoluciones.htm,"Content identity, legal status, extraction quality, or scope has not been fully verified for ingestion."
RR 012530-2023-R: modificación Reglamento General para la Actividad Académica Docente,https://sum.unmsm.edu.pe/assets/RESOLUCIONES/012530-2023-R.pdf,https://sum.unmsm.edu.pe/resoluciones.htm,reglamento_academico,UNKNOWN,RR-012530-2023-R,POSSIBLY_CURRENT,MEDIUM,No descriptive note in source inventory.,DOC-045,PDF,STAFF,UNKNOWN,206,2026-09-29,CONTENT_REVIEWED,2026-09-29,RETRIEVED,"Clause 2 retains other provisions of RR 01042-R-20, 006241-2021-R and 014104-2022-R insofar as they do not conflict. An amendment is not wholesale replacement.",OUT_OF_SCOPE,Outside the primary undergraduate student corpus; retain in inventory for a future broader corpus.,teaching-activity,AMENDMENT,DOC-047;DOC-060;DOC-061;DOC-088,"Reviewed RR 012530-2023-R preserves other non-conflicting provisions of 2020, 2021 and 2022 resolutions. RR 006241-2021-R is cited but missing from inventory.",NOT_COMPARED,RR 012530-2023-R: modificacion Reglamento General para la Actividad Academica Docente,UNKNOWN,RR-012530-2023-R,POSSIBLY_CURRENT,206,EXCLUDE,limited to a population,,NOT_AVAILABLE_NO_LOCAL_FILE,UNKNOWN_NO_LOCAL_BYTES,NOT_POSSIBLE_NO_LOCAL_EXTRACTED_TEXT,PRIOR_CONTENT_REVIEW_NO_LOCAL_EXTRACT,Verify extracted text/pages against the source PDF before ingestion.,https://sum.unmsm.edu.pe/assets/RESOLUCIONES/012530-2023-R.pdf | https://sum.unmsm.edu.pe/resoluciones.htm,Outside the undergraduate FISI student corpus defined by the existing review.
RR 011623-2023-R: Reglamento General de Estudios de Posgrado,https://sum.unmsm.edu.pe/assets/RESOLUCIONES/011623-2023-R.pdf,https://sum.unmsm.edu.pe/resoluciones.htm,reglamento_academico,UNKNOWN,RR-011623-2023-R,POSSIBLY_CURRENT,HIGH,No descriptive note in source inventory.,DOC-046,PDF,POSTGRADUATE,UNKNOWN,206,2026-09-29,NOT_REVIEWED,UNKNOWN,NOT_ATTEMPTED,Original inventory metadata reviewed; underlying document content not independently verified.,OUT_OF_SCOPE,Outside the primary undergraduate student corpus; retain in inventory for a future broader corpus.,UNKNOWN,UNDETERMINED,,No document relationship established.,NOT_COMPARED,RR 011623-2023-R: Reglamento General de Estudios de Posgrado,UNKNOWN,RR-011623-2023-R,POSSIBLY_CURRENT,206,EXCLUDE,limited to a population,,NOT_AVAILABLE_NO_LOCAL_FILE,UNKNOWN_NO_LOCAL_BYTES,NOT_POSSIBLE_NO_LOCAL_EXTRACTED_TEXT,NOT_ASSESSED_NO_LOCAL_DOCUMENT,"Download source attachment and inspect tables, prerequisites, footnotes, signatures, and scanned pages.",https://sum.unmsm.edu.pe/assets/RESOLUCIONES/011623-2023-R.pdf | https://sum.unmsm.edu.pe/resoluciones.htm,Outside the undergraduate FISI student corpus defined by the existing review.
RR 014104-2022-R: modificación Reglamento General para la Actividad Académica Docente,https://sum.unmsm.edu.pe/assets/RESOLUCIONES/014104-2022-R.pdf,https://sum.unmsm.edu.pe/resoluciones.htm,reglamento_academico,UNKNOWN,RR-014104-2022-R,POSSIBLY_CURRENT,MEDIUM,Part of an amendment chain. RR 012530-2023-R preserves other non-conflicting provisions; wholesale supersession is not established.,DOC-047,PDF,STAFF,UNKNOWN,206,2026-09-29,NOT_REVIEWED,UNKNOWN,NOT_ATTEMPTED,Original inventory metadata reviewed; underlying document content not independently verified.,OUT_OF_SCOPE,Outside the primary undergraduate student corpus; retain in inventory for a future broader corpus.,teaching-activity,AMENDMENT,DOC-045;DOC-060;DOC-061;DOC-088,"Reviewed RR 012530-2023-R preserves other non-conflicting provisions of 2020, 2021 and 2022 resolutions. RR 006241-2021-R is cited but missing from inventory.",NOT_COMPARED,RR 014104-2022-R: modificacion Reglamento General para la Actividad Academica Docente,UNKNOWN,RR-014104-2022-R,SUPERSEDED,206. Precedida por RR 012530-2023-R,EXCLUDE,limited to a population,,NOT_AVAILABLE_NO_LOCAL_FILE,UNKNOWN_NO_LOCAL_BYTES,NOT_POSSIBLE_NO_LOCAL_EXTRACTED_TEXT,NOT_ASSESSED_NO_LOCAL_DOCUMENT,"Download source attachment and inspect tables, prerequisites, footnotes, signatures, and scanned pages.",https://sum.unmsm.edu.pe/assets/RESOLUCIONES/014104-2022-R.pdf | https://sum.unmsm.edu.pe/resoluciones.htm,Outside the undergraduate FISI student corpus defined by the existing review.
RR 014221-R-21: Politica de Privacidad de Datos Personales registrados en el SUM,https://sum.unmsm.edu.pe/assets/RESOLUCIONES/014221-2021-R_Politicas_privacidad.pdf,https://sum.unmsm.edu.pe/resoluciones.htm,sum_sistema,UNKNOWN,RR-014221-R-21,POSSIBLY_CURRENT,LOW,No descriptive note in source inventory.,DOC-048,PDF,UNDETERMINED,UNKNOWN,206,2026-09-29,NOT_REVIEWED,UNKNOWN,NOT_ATTEMPTED,Original inventory metadata reviewed; underlying document content not independently verified.,REVIEW_BEFORE_INGEST,"Read content, confirm scope/version and compare related copies before inclusion. Reachability alone is insufficient.",UNKNOWN,UNDETERMINED,,No document relationship established.,NOT_COMPARED,RR 014221-R-21: Politica de Privacidad de Datos Personales registrados en el SUM,UNKNOWN,RR-014221-R-21,POSSIBLY_CURRENT,206,REVIEW_REQUIRED,uncertain,,NOT_AVAILABLE_NO_LOCAL_FILE,UNKNOWN_NO_LOCAL_BYTES,NOT_POSSIBLE_NO_LOCAL_EXTRACTED_TEXT,NOT_ASSESSED_NO_LOCAL_DOCUMENT,"Download source attachment and inspect tables, prerequisites, footnotes, signatures, and scanned pages.",https://sum.unmsm.edu.pe/assets/RESOLUCIONES/014221-2021-R_Politicas_privacidad.pdf | https://sum.unmsm.edu.pe/resoluciones.htm,"Content identity, legal status, extraction quality, or scope has not been fully verified for ingestion."
RR 01231-R-19: procedimiento de acceso a Estudios Generales especificos de Pregrado,https://sum.unmsm.edu.pe/assets/RESOLUCIONES/01231-R-19.pdf,https://sum.unmsm.edu.pe/resoluciones.htm,procedimientos_tramites,UNKNOWN,RR-01231-R-19,POSSIBLY_CURRENT,HIGH,No descriptive note in source inventory.,DOC-049,PDF,UNDERGRADUATE,UNKNOWN,206,2026-09-29,NOT_REVIEWED,UNKNOWN,NOT_ATTEMPTED,Original inventory metadata reviewed; underlying document content not independently verified.,REVIEW_BEFORE_INGEST,"Read content, confirm scope/version and compare related copies before inclusion. Reachability alone is insufficient.",UNKNOWN,UNDETERMINED,,No document relationship established.,NOT_COMPARED,RR 01231-R-19: procedimiento de acceso a Estudios Generales especificos de Pregrado,UNKNOWN,RR-01231-R-19,POSSIBLY_CURRENT,206,REVIEW_REQUIRED,limited to a population,,NOT_AVAILABLE_NO_LOCAL_FILE,UNKNOWN_NO_LOCAL_BYTES,NOT_POSSIBLE_NO_LOCAL_EXTRACTED_TEXT,NOT_ASSESSED_NO_LOCAL_DOCUMENT,"Download source attachment and inspect tables, prerequisites, footnotes, signatures, and scanned pages.",https://sum.unmsm.edu.pe/assets/RESOLUCIONES/01231-R-19.pdf | https://sum.unmsm.edu.pe/resoluciones.htm,"Content identity, legal status, extraction quality, or scope has not been fully verified for ingestion."
Programa de Acompañamiento a Estudiantes Observados,https://sum.unmsm.edu.pe/assets/RESOLUCIONES/01072-18t.pdf,https://sum.unmsm.edu.pe/resoluciones.htm,reglamento_academico,UNKNOWN,RR-01072-R-18,HISTORICAL,MEDIUM,Base program extended by RR 07482-R-19 through December 2020; retain as historical context.,DOC-050,PDF,UNDERGRADUATE,UNKNOWN,206,2026-09-29,NOT_REVIEWED,UNKNOWN,NOT_ATTEMPTED,Original inventory metadata reviewed; underlying document content not independently verified.,ARCHIVE,Keep in a historical collection; read and label coverage before ingestion. Exclude from default current-policy retrieval.,observed-student-program,BASE_PROGRAM,DOC-051,Base and March 2018 approval date cited by reviewed RR 07482-R-19.,NOT_COMPARED,Programa de Acompanamiento a Estudiantes Observados,UNKNOWN,RR-01072-R-18,SUPERSEDED,206. Ampliado por RR 07482-R-19,REVIEW_REQUIRED,historical,,NOT_AVAILABLE_NO_LOCAL_FILE,UNKNOWN_NO_LOCAL_BYTES,NOT_POSSIBLE_NO_LOCAL_EXTRACTED_TEXT,NOT_ASSESSED_NO_LOCAL_DOCUMENT,"Download source attachment and inspect tables, prerequisites, footnotes, signatures, and scanned pages.",https://sum.unmsm.edu.pe/assets/RESOLUCIONES/01072-18t.pdf | https://sum.unmsm.edu.pe/resoluciones.htm,"Content identity, legal status, extraction quality, or scope has not been fully verified for ingestion."
Programa de Acompañamiento a Estudiantes Observados (ampliación),https://sum.unmsm.edu.pe/assets/RESOLUCIONES/07482-19t.pdf,https://sum.unmsm.edu.pe/resoluciones.htm,reglamento_academico,UNKNOWN,RR-07482-R-19,HISTORICAL,MEDIUM,"Extension of the program through December 2020, confirmed from operative clause 1.",DOC-051,PDF,UNDERGRADUATE,UNKNOWN,206,2026-09-29,CONTENT_REVIEWED,2026-09-29,RETRIEVED,"Operative clause 1 extends RR 01072-R-18 only through December 2020. Historical extension, not a currently established benefit.",ARCHIVE,Keep in a historical collection; read and label coverage before ingestion. Exclude from default current-policy retrieval.,observed-student-program,EXTENSION,DOC-050,Operative clause 1 extends base program through December 2020.,NOT_COMPARED,Programa de Acompanamiento a Estudiantes Observados (ampliacion),UNKNOWN,RR-07482-R-19,POSSIBLY_CURRENT,206,REVIEW_REQUIRED,historical,,NOT_AVAILABLE_NO_LOCAL_FILE,UNKNOWN_NO_LOCAL_BYTES,NOT_POSSIBLE_NO_LOCAL_EXTRACTED_TEXT,PRIOR_CONTENT_REVIEW_NO_LOCAL_EXTRACT,Verify extracted text/pages against the source PDF before ingestion.,https://sum.unmsm.edu.pe/assets/RESOLUCIONES/07482-19t.pdf | https://sum.unmsm.edu.pe/resoluciones.htm,"Content identity, legal status, extraction quality, or scope has not been fully verified for ingestion."
RR 04005-R-16: regularización de matrícula,https://sum.unmsm.edu.pe/assets/RESOLUCIONES/04005-16t.pdf,https://sum.unmsm.edu.pe/resoluciones.htm,retiros_reservas_reincorporacion,UNKNOWN,RR-04005-R-16,POSSIBLY_CURRENT,HIGH,No descriptive note in source inventory.,DOC-052,PDF,UNDETERMINED,UNKNOWN,206,2026-09-29,NOT_REVIEWED,UNKNOWN,NOT_ATTEMPTED,Original inventory metadata reviewed; underlying document content not independently verified.,REVIEW_BEFORE_INGEST,"Read content, confirm scope/version and compare related copies before inclusion. Reachability alone is insufficient.",UNKNOWN,UNDETERMINED,,No document relationship established.,NOT_COMPARED,RR 04005-R-16: regularizacion de matricula,UNKNOWN,RR-04005-R-16,POSSIBLY_CURRENT,206,REVIEW_REQUIRED,uncertain,,NOT_AVAILABLE_NO_LOCAL_FILE,UNKNOWN_NO_LOCAL_BYTES,NOT_POSSIBLE_NO_LOCAL_EXTRACTED_TEXT,NOT_ASSESSED_NO_LOCAL_DOCUMENT,"Download source attachment and inspect tables, prerequisites, footnotes, signatures, and scanned pages.",https://sum.unmsm.edu.pe/assets/RESOLUCIONES/04005-16t.pdf | https://sum.unmsm.edu.pe/resoluciones.htm,"Content identity, legal status, extraction quality, or scope has not been fully verified for ingestion."
RR 0438-R-09: modificación a la reactualización de matrícula,https://sum.unmsm.edu.pe/assets/RESOLUCIONES/rr_0438.pdf,https://sum.unmsm.edu.pe/resoluciones.htm,retiros_reservas_reincorporacion,UNKNOWN,RR-0438-R-09,UNKNOWN,LOW,No descriptive note in source inventory.,DOC-053,PDF,UNDETERMINED,UNKNOWN,206,2026-09-29,NOT_REVIEWED,UNKNOWN,NOT_ATTEMPTED,Original inventory metadata reviewed; underlying document content not independently verified.,REVIEW_BEFORE_INGEST,"Read content, confirm scope/version and compare related copies before inclusion. Reachability alone is insufficient.",UNKNOWN,UNDETERMINED,,No document relationship established.,NOT_COMPARED,RR 0438-R-09: modificacion a la reactualizacion de matricula,UNKNOWN,RR-0438-R-09,UNKNOWN,206,REVIEW_REQUIRED,uncertain,,NOT_AVAILABLE_NO_LOCAL_FILE,UNKNOWN_NO_LOCAL_BYTES,NOT_POSSIBLE_NO_LOCAL_EXTRACTED_TEXT,NOT_ASSESSED_NO_LOCAL_DOCUMENT,"Download source attachment and inspect tables, prerequisites, footnotes, signatures, and scanned pages.",https://sum.unmsm.edu.pe/assets/RESOLUCIONES/rr_0438.pdf | https://sum.unmsm.edu.pe/resoluciones.htm,"Content identity, legal status, extraction quality, or scope has not been fully verified for ingestion."
RR 04626-R-06: Reglamento del Régimen de Estudio y Sistema de Evaluación de los Estudiantes de Pregrado,https://sum.unmsm.edu.pe/assets/RESOLUCIONES/rr_04626.pdf,https://sum.unmsm.edu.pe/resoluciones.htm,evaluacion_calificacion,UNKNOWN,RR-04626-R-06,UNKNOWN,HIGH,Reglamento de evaluación citado como vigente en su titulo; contrastar con RGAE RR 007510-2021,DOC-054,PDF,UNDERGRADUATE,UNKNOWN,206,2026-09-29,NOT_REVIEWED,UNKNOWN,NOT_ATTEMPTED,Original inventory metadata reviewed; underlying document content not independently verified.,REVIEW_BEFORE_INGEST,"Read content, confirm scope/version and compare related copies before inclusion. Reachability alone is insufficient.",UNKNOWN,UNDETERMINED,,No document relationship established.,NOT_COMPARED,RR 04626-R-06: Reglamento del Regimen de Estudio y Sistema de Evaluacion de los Estudiantes de Pregrado,UNKNOWN,RR-04626-R-06,UNKNOWN,206. Reglamento de evaluacion citado como vigente en su titulo; contrastar con RGAE RR 007510-2021,REVIEW_REQUIRED,limited to a population,,NOT_AVAILABLE_NO_LOCAL_FILE,UNKNOWN_NO_LOCAL_BYTES,NOT_POSSIBLE_NO_LOCAL_EXTRACTED_TEXT,NOT_ASSESSED_NO_LOCAL_DOCUMENT,"Download source attachment and inspect tables, prerequisites, footnotes, signatures, and scanned pages.",https://sum.unmsm.edu.pe/assets/RESOLUCIONES/rr_04626.pdf | https://sum.unmsm.edu.pe/resoluciones.htm,"Content identity, legal status, extraction quality, or scope has not been fully verified for ingestion."
RR 04804-R-04: procedimiento de calculo de promedio ponderado de pregrado,https://sum.unmsm.edu.pe/assets/RESOLUCIONES/rr_04804.pdf,https://sum.unmsm.edu.pe/resoluciones.htm,evaluacion_calificacion,UNKNOWN,RR-04804-R-04,UNKNOWN,HIGH,Regla de promedio ponderado,DOC-055,PDF,UNDERGRADUATE,UNKNOWN,206,2026-09-29,NOT_REVIEWED,UNKNOWN,NOT_ATTEMPTED,Original inventory metadata reviewed; underlying document content not independently verified.,REVIEW_BEFORE_INGEST,"Read content, confirm scope/version and compare related copies before inclusion. Reachability alone is insufficient.",UNKNOWN,UNDETERMINED,,No document relationship established.,NOT_COMPARED,RR 04804-R-04: procedimiento de calculo de promedio ponderado de pregrado,UNKNOWN,RR-04804-R-04,UNKNOWN,206. Regla de promedio ponderado,REVIEW_REQUIRED,limited to a population,,NOT_AVAILABLE_NO_LOCAL_FILE,UNKNOWN_NO_LOCAL_BYTES,NOT_POSSIBLE_NO_LOCAL_EXTRACTED_TEXT,NOT_ASSESSED_NO_LOCAL_DOCUMENT,"Download source attachment and inspect tables, prerequisites, footnotes, signatures, and scanned pages.",https://sum.unmsm.edu.pe/assets/RESOLUCIONES/rr_04804.pdf | https://sum.unmsm.edu.pe/resoluciones.htm,"Content identity, legal status, extraction quality, or scope has not been fully verified for ingestion."
RR 04964-R-03: norma que deja sin efecto el uso de NSP y DPI,https://sum.unmsm.edu.pe/assets/RESOLUCIONES/rr_04964.pdf,https://sum.unmsm.edu.pe/resoluciones.htm,evaluacion_calificacion,UNKNOWN,RR-04964-R-03,UNKNOWN,LOW,No descriptive note in source inventory.,DOC-056,PDF,UNDETERMINED,UNKNOWN,206,2026-09-29,NOT_REVIEWED,UNKNOWN,NOT_ATTEMPTED,Original inventory metadata reviewed; underlying document content not independently verified.,REVIEW_BEFORE_INGEST,"Read content, confirm scope/version and compare related copies before inclusion. Reachability alone is insufficient.",UNKNOWN,UNDETERMINED,,No document relationship established.,NOT_COMPARED,RR 04964-R-03: norma que deja sin efecto el uso de NSP y DPI,UNKNOWN,RR-04964-R-03,UNKNOWN,206,REVIEW_REQUIRED,uncertain,,NOT_AVAILABLE_NO_LOCAL_FILE,UNKNOWN_NO_LOCAL_BYTES,NOT_POSSIBLE_NO_LOCAL_EXTRACTED_TEXT,NOT_ASSESSED_NO_LOCAL_DOCUMENT,"Download source attachment and inspect tables, prerequisites, footnotes, signatures, and scanned pages.",https://sum.unmsm.edu.pe/assets/RESOLUCIONES/rr_04964.pdf | https://sum.unmsm.edu.pe/resoluciones.htm,"Content identity, legal status, extraction quality, or scope has not been fully verified for ingestion."
RR 01230-R-15: criterios para determinar el tercio superior de estudiantes de pregrado,https://sum.unmsm.edu.pe/assets/RESOLUCIONES/rr_2015/rr_01230-15t.pdf,https://sum.unmsm.edu.pe/resoluciones.htm,evaluacion_calificacion,UNKNOWN,RR-01230-R-15,POSSIBLY_CURRENT,HIGH,No descriptive note in source inventory.,DOC-057,PDF,UNDERGRADUATE,UNKNOWN,206,2026-09-29,NOT_REVIEWED,UNKNOWN,NOT_ATTEMPTED,Original inventory metadata reviewed; underlying document content not independently verified.,REVIEW_BEFORE_INGEST,"Read content, confirm scope/version and compare related copies before inclusion. Reachability alone is insufficient.",UNKNOWN,UNDETERMINED,,No document relationship established.,NOT_COMPARED,RR 01230-R-15: criterios para determinar el tercio superior de estudiantes de pregrado,UNKNOWN,RR-01230-R-15,POSSIBLY_CURRENT,206,REVIEW_REQUIRED,limited to a population,,NOT_AVAILABLE_NO_LOCAL_FILE,UNKNOWN_NO_LOCAL_BYTES,NOT_POSSIBLE_NO_LOCAL_EXTRACTED_TEXT,NOT_ASSESSED_NO_LOCAL_DOCUMENT,"Download source attachment and inspect tables, prerequisites, footnotes, signatures, and scanned pages.",https://sum.unmsm.edu.pe/assets/RESOLUCIONES/rr_2015/rr_01230-15t.pdf | https://sum.unmsm.edu.pe/resoluciones.htm,"Content identity, legal status, extraction quality, or scope has not been fully verified for ingestion."
RR 06746-R-17: Reglamento de Evaluación del Desempeño Docente por Estudiantes,https://sum.unmsm.edu.pe/assets/RESOLUCIONES/rr_2017/rr_06746-17t.pdf,https://sum.unmsm.edu.pe/resoluciones.htm,evaluacion_calificacion,UNKNOWN,RR-06746-R-17,POSSIBLY_CURRENT,MEDIUM,No descriptive note in source inventory.,DOC-058,PDF,UNDERGRADUATE,UNKNOWN,206,2026-09-29,NOT_REVIEWED,UNKNOWN,NOT_ATTEMPTED,Original inventory metadata reviewed; underlying document content not independently verified.,REVIEW_BEFORE_INGEST,"Read content, confirm scope/version and compare related copies before inclusion. Reachability alone is insufficient.",UNKNOWN,UNDETERMINED,,No document relationship established.,NOT_COMPARED,RR 06746-R-17: Reglamento de Evaluacion del Desempeno Docente por Estudiantes,UNKNOWN,RR-06746-R-17,POSSIBLY_CURRENT,206,REVIEW_REQUIRED,limited to a population,,NOT_AVAILABLE_NO_LOCAL_FILE,UNKNOWN_NO_LOCAL_BYTES,NOT_POSSIBLE_NO_LOCAL_EXTRACTED_TEXT,NOT_ASSESSED_NO_LOCAL_DOCUMENT,"Download source attachment and inspect tables, prerequisites, footnotes, signatures, and scanned pages.",https://sum.unmsm.edu.pe/assets/RESOLUCIONES/rr_2017/rr_06746-17t.pdf | https://sum.unmsm.edu.pe/resoluciones.htm,"Content identity, legal status, extraction quality, or scope has not been fully verified for ingestion."
RR 00186-R-11: Tabla de Equivalencias de Calificaciones Internacionales,https://sum.unmsm.edu.pe/assets/RESOLUCIONES/RR_00186-R-11.pdf,https://sum.unmsm.edu.pe/resoluciones.htm,evaluacion_calificacion,UNKNOWN,RR-00186-R-11,POSSIBLY_CURRENT,MEDIUM,No descriptive note in source inventory.,DOC-059,PDF,UNDETERMINED,UNKNOWN,206,2026-09-29,NOT_REVIEWED,UNKNOWN,NOT_ATTEMPTED,Original inventory metadata reviewed; underlying document content not independently verified.,REVIEW_BEFORE_INGEST,"Read content, confirm scope/version and compare related copies before inclusion. Reachability alone is insufficient.",UNKNOWN,UNDETERMINED,,No document relationship established.,NOT_COMPARED,RR 00186-R-11: Tabla de Equivalencias de Calificaciones Internacionales,UNKNOWN,RR-0186-R-11,POSSIBLY_CURRENT,206,REVIEW_REQUIRED,uncertain,,NOT_AVAILABLE_NO_LOCAL_FILE,UNKNOWN_NO_LOCAL_BYTES,NOT_POSSIBLE_NO_LOCAL_EXTRACTED_TEXT,NOT_ASSESSED_NO_LOCAL_DOCUMENT,"Download source attachment and inspect tables, prerequisites, footnotes, signatures, and scanned pages.",https://sum.unmsm.edu.pe/assets/RESOLUCIONES/RR_00186-R-11.pdf | https://sum.unmsm.edu.pe/resoluciones.htm,"Content identity, legal status, extraction quality, or scope has not been fully verified for ingestion."
RR 01042-R-20: Reglamento para la Actividad Académica Docente,https://sum.unmsm.edu.pe/assets/MANUALCARGA/RR_01042_20t.pdf,https://sum.unmsm.edu.pe/resoluciones.htm,reglamento_academico,UNKNOWN,RR-01042-R-20,POSSIBLY_CURRENT,MEDIUM,Part of an amendment chain. RR 012530-2023-R preserves other non-conflicting provisions; wholesale supersession is not established.,DOC-060,PDF,STAFF,UNKNOWN,206,2026-09-29,NOT_REVIEWED,UNKNOWN,NOT_ATTEMPTED,Original inventory metadata reviewed; underlying document content not independently verified.,OUT_OF_SCOPE,Outside the primary undergraduate student corpus; retain in inventory for a future broader corpus.,teaching-activity,BASE,DOC-045;DOC-047;DOC-061;DOC-088,"Reviewed RR 012530-2023-R preserves other non-conflicting provisions of 2020, 2021 and 2022 resolutions. RR 006241-2021-R is cited but missing from inventory.",NOT_COMPARED,RR 01042-R-20: Reglamento para la Actividad Academica Docente,UNKNOWN,RR-01042-R-20,SUPERSEDED,206. Actualizado por RR 014104-2022-R y RR 012530-2023-R,EXCLUDE,limited to a population,,NOT_AVAILABLE_NO_LOCAL_FILE,UNKNOWN_NO_LOCAL_BYTES,NOT_POSSIBLE_NO_LOCAL_EXTRACTED_TEXT,NOT_ASSESSED_NO_LOCAL_DOCUMENT,"Download source attachment and inspect tables, prerequisites, footnotes, signatures, and scanned pages.",https://sum.unmsm.edu.pe/assets/MANUALCARGA/RR_01042_20t.pdf | https://sum.unmsm.edu.pe/resoluciones.htm,Outside the undergraduate FISI student corpus defined by the existing review.
RR 01313-R-20: 4a Disposicion Transitoria al Reglamento de Actividad Académica Docente,https://sum.unmsm.edu.pe/assets/MANUALCARGA/RR-01313-R-20.pdf,https://sum.unmsm.edu.pe/resoluciones.htm,reglamento_academico,UNKNOWN,RR-01313-R-20,POSSIBLY_CURRENT,LOW,No descriptive note in source inventory.,DOC-061,PDF,STAFF,UNKNOWN,206,2026-09-29,NOT_REVIEWED,UNKNOWN,NOT_ATTEMPTED,Original inventory metadata reviewed; underlying document content not independently verified.,OUT_OF_SCOPE,Outside the primary undergraduate student corpus; retain in inventory for a future broader corpus.,teaching-activity,POSSIBLE_CONSOLIDATED_COPY,DOC-045;DOC-047;DOC-060;DOC-088,"Reviewed RR 012530-2023-R preserves other non-conflicting provisions of 2020, 2021 and 2022 resolutions. RR 006241-2021-R is cited but missing from inventory.",NOT_COMPARED,RR 01313-R-20: 4a Disposicion Transitoria al Reglamento de Actividad Academica Docente,UNKNOWN,RR-01313-R-20,POSSIBLY_CURRENT,206,EXCLUDE,limited to a population,,NOT_AVAILABLE_NO_LOCAL_FILE,UNKNOWN_NO_LOCAL_BYTES,NOT_POSSIBLE_NO_LOCAL_EXTRACTED_TEXT,NOT_ASSESSED_NO_LOCAL_DOCUMENT,"Download source attachment and inspect tables, prerequisites, footnotes, signatures, and scanned pages.",https://sum.unmsm.edu.pe/assets/MANUALCARGA/RR-01313-R-20.pdf | https://sum.unmsm.edu.pe/resoluciones.htm,Outside the undergraduate FISI student corpus defined by the existing review.
Manuales SUM (indice),https://sum.unmsm.edu.pe/manuales.htm,https://sum.unmsm.edu.pe,sum_sistema,UNKNOWN,UNKNOWN,LISTED,MEDIUM,con 4 manuales,DOC-062,WEB_PAGE,UNDETERMINED,UNKNOWN,200,2026-09-29,NOT_REVIEWED,UNKNOWN,NOT_ATTEMPTED,Original inventory metadata reviewed; underlying document content not independently verified.,DISCOVERY_ONLY,Use as a source locator; extract substantive page content separately before deciding whether it belongs in retrieval.,UNKNOWN,UNDETERMINED,,No document relationship established.,NOT_COMPARED,Manuales SUM (indice),UNKNOWN,UNKNOWN,CURRENT,Hub 200 con 4 manuales,DISCOVERY_ONLY,uncertain,,NOT_AVAILABLE_NO_LOCAL_FILE,UNKNOWN_NO_LOCAL_BYTES,NOT_POSSIBLE_NO_LOCAL_EXTRACTED_TEXT,NOT_ASSESSED_NO_LOCAL_DOCUMENT,"Download source attachment and inspect tables, prerequisites, footnotes, signatures, and scanned pages.",https://sum.unmsm.edu.pe/manuales.htm | https://sum.unmsm.edu.pe,Locator/catalog page; do not treat as operative rule text.
Manual de ingreso al SUM,https://sum.unmsm.edu.pe/assets/MANUALCARGA/ManualIngresoSUM2015.pdf,https://sum.unmsm.edu.pe/manuales.htm,sum_sistema,UNKNOWN,2015,UNKNOWN,LOW,"Año 2015 solo deducible del nombre de archivo, no de metadato verificado",DOC-063,PDF,UNDETERMINED,UNKNOWN,206,2026-09-29,NOT_REVIEWED,UNKNOWN,NOT_ATTEMPTED,Original inventory metadata reviewed; underlying document content not independently verified.,REVIEW_BEFORE_INGEST,"Read content, confirm scope/version and compare related copies before inclusion. Reachability alone is insufficient.",UNKNOWN,UNDETERMINED,,No document relationship established.,NOT_COMPARED,Manual de ingreso al SUM,UNKNOWN,2015,UNKNOWN,"206. Anio 2015 solo deducible del nombre de archivo, no de metadato verificado",REVIEW_REQUIRED,uncertain,,NOT_AVAILABLE_NO_LOCAL_FILE,UNKNOWN_NO_LOCAL_BYTES,NOT_POSSIBLE_NO_LOCAL_EXTRACTED_TEXT,NOT_ASSESSED_NO_LOCAL_DOCUMENT,"Download source attachment and inspect tables, prerequisites, footnotes, signatures, and scanned pages.",https://sum.unmsm.edu.pe/assets/MANUALCARGA/ManualIngresoSUM2015.pdf | https://sum.unmsm.edu.pe/manuales.htm,"Content identity, legal status, extraction quality, or scope has not been fully verified for ingestion."
Manual de carga académica,https://sum.unmsm.edu.pe/assets/manual/ManualCargaAcademica.pdf,https://sum.unmsm.edu.pe/manuales.htm,sum_sistema,UNKNOWN,UNKNOWN,UNKNOWN,LOW,No descriptive note in source inventory.,DOC-064,PDF,STAFF,UNKNOWN,206,2026-09-29,NOT_REVIEWED,UNKNOWN,NOT_ATTEMPTED,Original inventory metadata reviewed; underlying document content not independently verified.,OUT_OF_SCOPE,Outside the primary undergraduate student corpus; retain in inventory for a future broader corpus.,UNKNOWN,UNDETERMINED,,No document relationship established.,NOT_COMPARED,Manual de carga academica,UNKNOWN,UNKNOWN,UNKNOWN,206,EXCLUDE,limited to a population,,NOT_AVAILABLE_NO_LOCAL_FILE,UNKNOWN_NO_LOCAL_BYTES,NOT_POSSIBLE_NO_LOCAL_EXTRACTED_TEXT,NOT_ASSESSED_NO_LOCAL_DOCUMENT,"Download source attachment and inspect tables, prerequisites, footnotes, signatures, and scanned pages.",https://sum.unmsm.edu.pe/assets/manual/ManualCargaAcademica.pdf | https://sum.unmsm.edu.pe/manuales.htm,Outside the undergraduate FISI student corpus defined by the existing review.
Manual de ingreso de calificaciones,https://sum.unmsm.edu.pe/assets/manual/Manual-Ingreso-Calificaciones.pdf,https://sum.unmsm.edu.pe/manuales.htm,evaluacion_calificacion,UNKNOWN,UNKNOWN,UNKNOWN,MEDIUM,No descriptive note in source inventory.,DOC-065,PDF,STAFF,UNKNOWN,206,2026-09-29,NOT_REVIEWED,UNKNOWN,NOT_ATTEMPTED,Original inventory metadata reviewed; underlying document content not independently verified.,OUT_OF_SCOPE,Outside the primary undergraduate student corpus; retain in inventory for a future broader corpus.,UNKNOWN,UNDETERMINED,,No document relationship established.,NOT_COMPARED,Manual de ingreso de calificaciones,UNKNOWN,UNKNOWN,UNKNOWN,206,EXCLUDE,limited to a population,,NOT_AVAILABLE_NO_LOCAL_FILE,UNKNOWN_NO_LOCAL_BYTES,NOT_POSSIBLE_NO_LOCAL_EXTRACTED_TEXT,NOT_ASSESSED_NO_LOCAL_DOCUMENT,"Download source attachment and inspect tables, prerequisites, footnotes, signatures, and scanned pages.",https://sum.unmsm.edu.pe/assets/manual/Manual-Ingreso-Calificaciones.pdf | https://sum.unmsm.edu.pe/manuales.htm,Outside the undergraduate FISI student corpus defined by the existing review.
Generar reporte en Excel de estudiantes matriculados,https://sum.unmsm.edu.pe/assets/manual/Manual_Generar_Excel_Matriculados.pdf,https://sum.unmsm.edu.pe/manuales.htm,sum_sistema,UNKNOWN,UNKNOWN,UNKNOWN,LOW,No descriptive note in source inventory.,DOC-066,PDF,STAFF,UNKNOWN,206,2026-09-29,NOT_REVIEWED,UNKNOWN,NOT_ATTEMPTED,Original inventory metadata reviewed; underlying document content not independently verified.,OUT_OF_SCOPE,Outside the primary undergraduate student corpus; retain in inventory for a future broader corpus.,UNKNOWN,UNDETERMINED,,No document relationship established.,NOT_COMPARED,Generar reporte en Excel de estudiantes matriculados,UNKNOWN,UNKNOWN,UNKNOWN,206,EXCLUDE,limited to a population,,NOT_AVAILABLE_NO_LOCAL_FILE,UNKNOWN_NO_LOCAL_BYTES,NOT_POSSIBLE_NO_LOCAL_EXTRACTED_TEXT,NOT_ASSESSED_NO_LOCAL_DOCUMENT,"Download source attachment and inspect tables, prerequisites, footnotes, signatures, and scanned pages.",https://sum.unmsm.edu.pe/assets/manual/Manual_Generar_Excel_Matriculados.pdf | https://sum.unmsm.edu.pe/manuales.htm,Outside the undergraduate FISI student corpus defined by the existing review.
Reglamento de Matrícula Posgrado (pagina SUM),https://sum.unmsm.edu.pe/reglamentopos.htm,https://sum.unmsm.edu.pe,matricula,UNKNOWN,RR-01381-R-17,LISTED,HIGH,; titulo del documento segun TOC de la pagina,DOC-067,WEB_PAGE,POSTGRADUATE,UNKNOWN,200,2026-09-29,NOT_REVIEWED,UNKNOWN,NOT_ATTEMPTED,Original inventory metadata reviewed; underlying document content not independently verified.,OUT_OF_SCOPE,Outside the primary undergraduate student corpus; retain in inventory for a future broader corpus.,UNKNOWN,UNDETERMINED,,No document relationship established.,NOT_COMPARED,Reglamento de Matricula Posgrado (pagina SUM),UNKNOWN,RR-01381-R-17,CURRENT,Hub 200; titulo del documento segun TOC de la pagina,EXCLUDE,limited to a population,,NOT_AVAILABLE_NO_LOCAL_FILE,UNKNOWN_NO_LOCAL_BYTES,NOT_POSSIBLE_NO_LOCAL_EXTRACTED_TEXT,NOT_ASSESSED_NO_LOCAL_DOCUMENT,"Download source attachment and inspect tables, prerequisites, footnotes, signatures, and scanned pages.",https://sum.unmsm.edu.pe/reglamentopos.htm | https://sum.unmsm.edu.pe,Outside the undergraduate FISI student corpus defined by the existing review.
Reglamento de Matrícula Posgrado (PDF),https://sum.unmsm.edu.pe/assets/ReglamentoCompleto/reglamentopos.pdf,https://sum.unmsm.edu.pe/reglamentopos.htm,matricula,UNKNOWN,RR-01381-R-17,POSSIBLY_CURRENT,HIGH,Incrustado por la pagina; versión RR 01381-R-17 segun TOC,DOC-068,PDF,POSTGRADUATE,UNKNOWN,206,2026-09-29,NOT_REVIEWED,UNKNOWN,NOT_ATTEMPTED,Original inventory metadata reviewed; underlying document content not independently verified.,OUT_OF_SCOPE,Outside the primary undergraduate student corpus; retain in inventory for a future broader corpus.,UNKNOWN,UNDETERMINED,,No document relationship established.,NOT_COMPARED,Reglamento de Matricula Posgrado (PDF),UNKNOWN,RR-01381-R-17,POSSIBLY_CURRENT,206. Incrustado por la pagina; version RR 01381-R-17 segun TOC,EXCLUDE,limited to a population,,NOT_AVAILABLE_NO_LOCAL_FILE,UNKNOWN_NO_LOCAL_BYTES,NOT_POSSIBLE_NO_LOCAL_EXTRACTED_TEXT,NOT_ASSESSED_NO_LOCAL_DOCUMENT,"Download source attachment and inspect tables, prerequisites, footnotes, signatures, and scanned pages.",https://sum.unmsm.edu.pe/assets/ReglamentoCompleto/reglamentopos.pdf | https://sum.unmsm.edu.pe/reglamentopos.htm,Outside the undergraduate FISI student corpus defined by the existing review.
Estatuto Universitario (pagina SUM),https://sum.unmsm.edu.pe/estatuto.htm,https://sum.unmsm.edu.pe,organizacion_institucional,UNKNOWN,UNKNOWN,LISTED,MEDIUM,No descriptive note in source inventory.,DOC-069,WEB_PAGE,UNDETERMINED,UNKNOWN,200,2026-09-29,NOT_REVIEWED,UNKNOWN,NOT_ATTEMPTED,Original inventory metadata reviewed; underlying document content not independently verified.,DISCOVERY_ONLY,Use as a source locator; extract substantive page content separately before deciding whether it belongs in retrieval.,UNKNOWN,UNDETERMINED,,No document relationship established.,NOT_COMPARED,Estatuto Universitario (pagina SUM),UNKNOWN,UNKNOWN,CURRENT,Hub 200,DISCOVERY_ONLY,uncertain,,NOT_AVAILABLE_NO_LOCAL_FILE,UNKNOWN_NO_LOCAL_BYTES,NOT_POSSIBLE_NO_LOCAL_EXTRACTED_TEXT,NOT_ASSESSED_NO_LOCAL_DOCUMENT,"Download source attachment and inspect tables, prerequisites, footnotes, signatures, and scanned pages.",https://sum.unmsm.edu.pe/estatuto.htm | https://sum.unmsm.edu.pe,Locator/catalog page; do not treat as operative rule text.
Estatuto Universitario (PDF),https://sum.unmsm.edu.pe/assets/Estatuto/estatuto.pdf,https://sum.unmsm.edu.pe/estatuto.htm,organizacion_institucional,UNKNOWN,UNKNOWN,POSSIBLY_CURRENT,MEDIUM,Año/versión no indicados en pagina,DOC-070,PDF,UNDETERMINED,UNKNOWN,206,2026-09-29,NOT_REVIEWED,UNKNOWN,NOT_ATTEMPTED,Original inventory metadata reviewed; underlying document content not independently verified.,REVIEW_BEFORE_INGEST,"Read content, confirm scope/version and compare related copies before inclusion. Reachability alone is insufficient.",UNKNOWN,UNDETERMINED,,No document relationship established.,NOT_COMPARED,Estatuto Universitario (PDF),UNKNOWN,UNKNOWN,POSSIBLY_CURRENT,206. Anio/version no indicados en pagina,REVIEW_REQUIRED,uncertain,,NOT_AVAILABLE_NO_LOCAL_FILE,UNKNOWN_NO_LOCAL_BYTES,NOT_POSSIBLE_NO_LOCAL_EXTRACTED_TEXT,NOT_ASSESSED_NO_LOCAL_DOCUMENT,"Download source attachment and inspect tables, prerequisites, footnotes, signatures, and scanned pages.",https://sum.unmsm.edu.pe/assets/Estatuto/estatuto.pdf | https://sum.unmsm.edu.pe/estatuto.htm,"Content identity, legal status, extraction quality, or scope has not been fully verified for ingestion."
Ley Universitaria (pagina SUM),https://sum.unmsm.edu.pe/leyuniversitaria.htm,https://sum.unmsm.edu.pe,organizacion_institucional,UNKNOWN,LEY-30220,UNKNOWN,MEDIUM,Ley 30220; fecha de promulgacion 2014 deducible del nombre de la ley,DOC-071,WEB_PAGE,UNDETERMINED,UNKNOWN,200,2026-09-29,NOT_REVIEWED,UNKNOWN,NOT_ATTEMPTED,Original inventory metadata reviewed; underlying document content not independently verified.,DISCOVERY_ONLY,Use as a source locator; extract substantive page content separately before deciding whether it belongs in retrieval.,university-law-30220,PAGE,DOC-072;DOC-096,"Topic grouping only; no content equivalence, repeal or version identity established.",NOT_COMPARED,Ley Universitaria (pagina SUM),2014,LEY-30220,CURRENT,Hub 200. Ley 30220; fecha de promulgacion 2014 deducible del nombre de la ley,DISCOVERY_ONLY,uncertain,,NOT_AVAILABLE_NO_LOCAL_FILE,UNKNOWN_NO_LOCAL_BYTES,NOT_POSSIBLE_NO_LOCAL_EXTRACTED_TEXT,NOT_ASSESSED_NO_LOCAL_DOCUMENT,"Download source attachment and inspect tables, prerequisites, footnotes, signatures, and scanned pages.",https://sum.unmsm.edu.pe/leyuniversitaria.htm | https://sum.unmsm.edu.pe,Locator/catalog page; do not treat as operative rule text.
Ley 30220 Ley Universitaria (PDF SUM),https://sum.unmsm.edu.pe/assets/Ley%20Universitaria/Ley_Universitaria_30220.PDF,https://sum.unmsm.edu.pe/leyuniversitaria.htm,organizacion_institucional,UNKNOWN,LEY-30220,UNKNOWN,MEDIUM,Texto consolidado NO verificado frente a versión 2017-08 de viceacademico,DOC-072,PDF,UNDETERMINED,UNKNOWN,206,2026-09-29,NOT_REVIEWED,UNKNOWN,NOT_ATTEMPTED,Original inventory metadata reviewed; underlying document content not independently verified.,REVIEW_BEFORE_INGEST,"Read content, confirm scope/version and compare related copies before inclusion. Reachability alone is insufficient.",university-law-30220,POSSIBLE_MIRROR,DOC-071;DOC-096,"Topic grouping only; no content equivalence, repeal or version identity established.",NOT_COMPARED,Ley 30220 Ley Universitaria (PDF SUM),2014,LEY-30220,CURRENT,206. Texto consolidado NO verificado frente a version 2017-08 de viceacademico,REVIEW_REQUIRED,uncertain,,NOT_AVAILABLE_NO_LOCAL_FILE,UNKNOWN_NO_LOCAL_BYTES,NOT_POSSIBLE_NO_LOCAL_EXTRACTED_TEXT,NOT_ASSESSED_NO_LOCAL_DOCUMENT,"Download source attachment and inspect tables, prerequisites, footnotes, signatures, and scanned pages.",https://sum.unmsm.edu.pe/assets/Ley%20Universitaria/Ley_Universitaria_30220.PDF | https://sum.unmsm.edu.pe/leyuniversitaria.htm,"Content identity, legal status, extraction quality, or scope has not been fully verified for ingestion."
Cronograma (pagina SUM),https://sum.unmsm.edu.pe/cronogramas.htm,https://sum.unmsm.edu.pe,calendario_horarios_oferta,UNKNOWN,UNKNOWN,LISTED,LOW,pero sin documentos enlazados en el cuerpo; el cronograma real está en pregrado.htm,DOC-073,WEB_PAGE,UNDETERMINED,UNKNOWN,200,2026-09-29,NOT_REVIEWED,UNKNOWN,NOT_ATTEMPTED,Original inventory metadata reviewed; underlying document content not independently verified.,DISCOVERY_ONLY,Use as a source locator; extract substantive page content separately before deciding whether it belongs in retrieval.,UNKNOWN,UNDETERMINED,,No document relationship established.,NOT_COMPARED,Cronograma (pagina SUM),UNKNOWN,UNKNOWN,CURRENT,200 pero sin documentos enlazados en el cuerpo; el cronograma real esta en pregrado.htm,DISCOVERY_ONLY,uncertain,,NOT_AVAILABLE_NO_LOCAL_FILE,UNKNOWN_NO_LOCAL_BYTES,NOT_POSSIBLE_NO_LOCAL_EXTRACTED_TEXT,NOT_ASSESSED_NO_LOCAL_DOCUMENT,"Download source attachment and inspect tables, prerequisites, footnotes, signatures, and scanned pages.",https://sum.unmsm.edu.pe/cronogramas.htm | https://sum.unmsm.edu.pe,Locator/catalog page; do not treat as operative rule text.
Políticas de privacidad SUM,https://sum.unmsm.edu.pe/privacidad.htm,https://sum.unmsm.edu.pe,sum_sistema,UNKNOWN,UNKNOWN,LISTED,LOW,No descriptive note in source inventory.,DOC-074,WEB_PAGE,UNDETERMINED,UNKNOWN,200,2026-09-29,NOT_REVIEWED,UNKNOWN,NOT_ATTEMPTED,Original inventory metadata reviewed; underlying document content not independently verified.,DISCOVERY_ONLY,Use as a source locator; extract substantive page content separately before deciding whether it belongs in retrieval.,UNKNOWN,UNDETERMINED,,No document relationship established.,NOT_COMPARED,Politicas de privacidad SUM,UNKNOWN,UNKNOWN,CURRENT,200,DISCOVERY_ONLY,uncertain,,NOT_AVAILABLE_NO_LOCAL_FILE,UNKNOWN_NO_LOCAL_BYTES,NOT_POSSIBLE_NO_LOCAL_EXTRACTED_TEXT,NOT_ASSESSED_NO_LOCAL_DOCUMENT,"Download source attachment and inspect tables, prerequisites, footnotes, signatures, and scanned pages.",https://sum.unmsm.edu.pe/privacidad.htm | https://sum.unmsm.edu.pe,Locator/catalog page; do not treat as operative rule text.
Quiénes somos (SUM),https://sum.unmsm.edu.pe/quienessomos.htm,https://sum.unmsm.edu.pe,organizacion_institucional,UNKNOWN,UNKNOWN,LISTED,LOW,Descripcion institucional del SUM,DOC-075,WEB_PAGE,UNDETERMINED,UNKNOWN,200,2026-09-29,NOT_REVIEWED,UNKNOWN,NOT_ATTEMPTED,Original inventory metadata reviewed; underlying document content not independently verified.,DISCOVERY_ONLY,Use as a source locator; extract substantive page content separately before deciding whether it belongs in retrieval.,UNKNOWN,UNDETERMINED,,No document relationship established.,NOT_COMPARED,Quienes somos (SUM),UNKNOWN,UNKNOWN,CURRENT,200. Descripcion institucional del SUM,DISCOVERY_ONLY,uncertain,,NOT_AVAILABLE_NO_LOCAL_FILE,UNKNOWN_NO_LOCAL_BYTES,NOT_POSSIBLE_NO_LOCAL_EXTRACTED_TEXT,NOT_ASSESSED_NO_LOCAL_DOCUMENT,"Download source attachment and inspect tables, prerequisites, footnotes, signatures, and scanned pages.",https://sum.unmsm.edu.pe/quienessomos.htm | https://sum.unmsm.edu.pe,Locator/catalog page; do not treat as operative rule text.
Planes de Estudio Vigentes (SUM),https://sum.unmsm.edu.pe/loginWebSum/planes.htm,https://sum.unmsm.edu.pe/pregrado.htm,plan_de_estudios,UNKNOWN,UNKNOWN,UNKNOWN,CRITICAL,"verificado. Enlazado desde navegacion de SUM, www.unmsm y FISI. GAP: no se localizo fuente publica de planes/prerrequisitos",DOC-076,WEB_PAGE,UNDETERMINED,UNKNOWN,404,2026-09-29,NOT_REVIEWED,2026-09-29,NOT_FOUND,404 returned by the web tool in this review.,SOURCE_GAP,Reported unavailable study-plan source. Obtain the applicable approved 2018 FISI Systems Engineering plan and amendments; do not substitute curriculum guidance or another cohort plan.,UNKNOWN,UNDETERMINED,,No document relationship established.,NOT_COMPARED,Planes de Estudio Vigentes (SUM),UNKNOWN,UNKNOWN,UNKNOWN,"404 verificado. Enlazado desde navegacion de SUM, www.unmsm y FISI. GAP: no se localizo fuente publica de planes/prerrequisitos",REVIEW_REQUIRED,uncertain,,NOT_AVAILABLE_NO_LOCAL_FILE,UNKNOWN_NO_LOCAL_BYTES,NOT_POSSIBLE_NO_LOCAL_EXTRACTED_TEXT,NOT_ASSESSED_NO_LOCAL_DOCUMENT,"Download source attachment and inspect tables, prerequisites, footnotes, signatures, and scanned pages.",https://sum.unmsm.edu.pe/loginWebSum/planes.htm | https://sum.unmsm.edu.pe/pregrado.htm,"Missing/inaccessible source locator is an unresolved blocker, not an ingestible content file."
Planes de Estudio Ofertados desde 2018 (SUM),https://sum.unmsm.edu.pe/loginWebSum/planes2018.htm,https://sum.unmsm.edu.pe/pregrado.htm,plan_de_estudios,UNKNOWN,UNKNOWN,UNKNOWN,HIGH,verificado. Enlazado desde navegacion de SUM,DOC-077,WEB_PAGE,UNDETERMINED,UNKNOWN,404,2026-09-29,NOT_REVIEWED,UNKNOWN,NOT_ATTEMPTED,Original inventory metadata reviewed; underlying document content not independently verified.,SOURCE_GAP,Reported unavailable study-plan source. Obtain the applicable approved 2018 FISI Systems Engineering plan and amendments; do not substitute curriculum guidance or another cohort plan.,UNKNOWN,UNDETERMINED,,No document relationship established.,NOT_COMPARED,Planes de Estudio Ofertados desde 2018 (SUM),UNKNOWN,UNKNOWN,UNKNOWN,404 verificado. Enlazado desde navegacion de SUM,REVIEW_REQUIRED,uncertain,,NOT_AVAILABLE_NO_LOCAL_FILE,UNKNOWN_NO_LOCAL_BYTES,NOT_POSSIBLE_NO_LOCAL_EXTRACTED_TEXT,NOT_ASSESSED_NO_LOCAL_DOCUMENT,"Download source attachment and inspect tables, prerequisites, footnotes, signatures, and scanned pages.",https://sum.unmsm.edu.pe/loginWebSum/planes2018.htm | https://sum.unmsm.edu.pe/pregrado.htm,"Missing/inaccessible source locator is an unresolved blocker, not an ingestible content file."
Normativa VRAP (indice),https://viceacademico.unmsm.edu.pe/?page_id=8731,https://viceacademico.unmsm.edu.pe,reglamento_academico,UNKNOWN,UNKNOWN,LISTED,CRITICAL,con 63 documentos PDF; titulo y href extraidos del DOM,DOC-078,WEB_PAGE,UNDETERMINED,UNKNOWN,200,2026-09-29,NOT_REVIEWED,2026-09-29,FETCH_FAILED,Web tool returned 502; does not establish permanent link failure.,DISCOVERY_ONLY,Use as a source locator; extract substantive page content separately before deciding whether it belongs in retrieval.,UNKNOWN,UNDETERMINED,,No document relationship established.,NOT_COMPARED,Normativa VRAP (indice),UNKNOWN,UNKNOWN,CURRENT,Hub 200 con 63 documentos PDF; titulo y href extraidos del DOM,DISCOVERY_ONLY,uncertain,,NOT_AVAILABLE_NO_LOCAL_FILE,UNKNOWN_NO_LOCAL_BYTES,NOT_POSSIBLE_NO_LOCAL_EXTRACTED_TEXT,NOT_ASSESSED_NO_LOCAL_DOCUMENT,"Download source attachment and inspect tables, prerequisites, footnotes, signatures, and scanned pages.",https://viceacademico.unmsm.edu.pe/?page_id=8731 | https://viceacademico.unmsm.edu.pe,Locator/catalog page; do not treat as operative rule text.
Reglamento General de Matrícula (VRAP 2026),https://viceacademico.unmsm.edu.pe/wp-content/uploads/2026/02/Reglamento-General-de-Matr%C3%ADcula.pdf,https://viceacademico.unmsm.edu.pe/?page_id=8731,matricula,UNKNOWN,UNKNOWN,POSSIBLY_CURRENT,CRITICAL,Carpeta de subida 2026-02; versión RR no indicada en el enlace,DOC-079,PDF,UNDETERMINED,UNKNOWN,200,2026-09-29,NOT_REVIEWED,2026-09-29,FETCH_FAILED,Web tool could not retrieve PDF; no new content verification.,REVIEW_BEFORE_INGEST,"Read content, confirm scope/version and compare related copies before inclusion. Reachability alone is insufficient.",enrollment-undergraduate,UNDETERMINED,DOC-001;DOC-002;DOC-003;DOC-004;DOC-005;DOC-043;DOC-080;DOC-114;DOC-115;DOC-116,"Topic grouping only; no content equivalence, repeal or version identity established.",NOT_COMPARED,Reglamento General de Matricula (VRAP 2026),UNKNOWN,UNKNOWN,POSSIBLY_CURRENT,200. Carpeta de subida 2026-02; version RR no indicada en el enlace,REVIEW_REQUIRED,uncertain,,NOT_AVAILABLE_NO_LOCAL_FILE,UNKNOWN_NO_LOCAL_BYTES,NOT_POSSIBLE_NO_LOCAL_EXTRACTED_TEXT,NOT_ASSESSED_NO_LOCAL_DOCUMENT,"Download source attachment and inspect tables, prerequisites, footnotes, signatures, and scanned pages.",https://viceacademico.unmsm.edu.pe/wp-content/uploads/2026/02/Reglamento-General-de-Matr%C3%ADcula.pdf | https://viceacademico.unmsm.edu.pe/?page_id=8731,"Content identity, legal status, extraction quality, or scope has not been fully verified for ingestion."
Reglamento General de Matrícula (VRAP 2025),https://viceacademico.unmsm.edu.pe/wp-content/uploads/2025/03/Reglamento-General-de-Matr%C3%ADcula_UNMSM.pdf,https://viceacademico.unmsm.edu.pe/?page_id=8731,matricula,UNKNOWN,RR-002891-2025-R,HISTORICAL,HIGH,2025 amendment or associated copy in the prior enrollment chain; preserve historically. Complete repeal is not established by chronology alone.,DOC-080,PDF,UNDETERMINED,UNKNOWN,200,2026-09-29,NOT_REVIEWED,UNKNOWN,NOT_ATTEMPTED,Original inventory metadata reviewed; underlying document content not independently verified.,ARCHIVE,Keep in a historical collection; read and label coverage before ingestion. Exclude from default current-policy retrieval.,enrollment-undergraduate,AMENDMENT_OR_ASSOCIATED_COPY,DOC-001;DOC-002;DOC-003;DOC-004;DOC-005;DOC-043;DOC-079;DOC-114;DOC-115;DOC-116,2026 approving resolution recital describes RR 002891-2025-R as modifying RR 006376-2023-R. Individual mirror identity unverified.,NOT_COMPARED,Reglamento General de Matricula (VRAP 2025),UNKNOWN,RR-002891-2025-R,POSSIBLY_CURRENT,200. RR 002891-2025-R segun hallazgo en gob.pe; validar contra PDF,REVIEW_REQUIRED,historical,,NOT_AVAILABLE_NO_LOCAL_FILE,UNKNOWN_NO_LOCAL_BYTES,NOT_POSSIBLE_NO_LOCAL_EXTRACTED_TEXT,NOT_ASSESSED_NO_LOCAL_DOCUMENT,"Download source attachment and inspect tables, prerequisites, footnotes, signatures, and scanned pages.",https://viceacademico.unmsm.edu.pe/wp-content/uploads/2025/03/Reglamento-General-de-Matr%C3%ADcula_UNMSM.pdf | https://viceacademico.unmsm.edu.pe/?page_id=8731,"Content identity, legal status, extraction quality, or scope has not been fully verified for ingestion."
Guia del Estudiante de Pregrado 2026,https://viceacademico.unmsm.edu.pe/wp-content/uploads/2026/02/Gu%C3%ADa-del-estudiante-de-pregrado-2026.pdf,https://viceacademico.unmsm.edu.pe/?page_id=8731,prerrequisitos,UNKNOWN,2026,POSSIBLY_CURRENT,CRITICAL,"Candidata principal a requisitos, créditos, limites de carga y procedimientos",DOC-081,PDF,UNDERGRADUATE,UNKNOWN,200,2026-09-29,NOT_REVIEWED,UNKNOWN,NOT_ATTEMPTED,Original inventory metadata reviewed; underlying document content not independently verified.,REVIEW_BEFORE_INGEST,"Read content, confirm scope/version and compare related copies before inclusion. Reachability alone is insufficient.",UNKNOWN,UNDETERMINED,,No document relationship established.,NOT_COMPARED,Guia del Estudiante de Pregrado 2026,2026,2026,POSSIBLY_CURRENT,"200. Candidata principal a requisitos, creditos, limites de carga y procedimientos",REVIEW_REQUIRED,limited to a population,,NOT_AVAILABLE_NO_LOCAL_FILE,UNKNOWN_NO_LOCAL_BYTES,NOT_POSSIBLE_NO_LOCAL_EXTRACTED_TEXT,NOT_ASSESSED_NO_LOCAL_DOCUMENT,"Download source attachment and inspect tables, prerequisites, footnotes, signatures, and scanned pages.",https://viceacademico.unmsm.edu.pe/wp-content/uploads/2026/02/Gu%C3%ADa-del-estudiante-de-pregrado-2026.pdf | https://viceacademico.unmsm.edu.pe/?page_id=8731,"Content identity, legal status, extraction quality, or scope has not been fully verified for ingestion."
Cronograma de Actividades 2026 (VRAP),https://viceacademico.unmsm.edu.pe/wp-content/uploads/2025/12/CRONOGRAMA-DE-ACTIVIDADE-2026.pdf,https://viceacademico.unmsm.edu.pe/?page_id=8731,calendario_horarios_oferta,UNKNOWN,UNKNOWN,TEMPORARY,CRITICAL,Cronograma institucional 2026; carpeta de subida 2025-12,DOC-082,PDF,UNDETERMINED,2026,200,2026-09-29,NOT_REVIEWED,UNKNOWN,NOT_ATTEMPTED,Original inventory metadata reviewed; underlying document content not independently verified.,REVIEW_BEFORE_INGEST,"Read content, confirm scope/version and compare related copies before inclusion. Reachability alone is insufficient.",calendar-2026,POSSIBLE_RELATED_COPY,DOC-007;DOC-008;DOC-106,2026 calendar family based on title or reported RR; only SUM annex content reviewed. Byte identity not tested.,NOT_COMPARED,Cronograma de Actividades 2026 (VRAP),2026,UNKNOWN,POSSIBLY_CURRENT,200. Cronograma institucional 2026; carpeta de subida 2025-12,REVIEW_REQUIRED,limited to a population,,NOT_AVAILABLE_NO_LOCAL_FILE,UNKNOWN_NO_LOCAL_BYTES,NOT_POSSIBLE_NO_LOCAL_EXTRACTED_TEXT,NOT_ASSESSED_NO_LOCAL_DOCUMENT,"Download source attachment and inspect tables, prerequisites, footnotes, signatures, and scanned pages.",https://viceacademico.unmsm.edu.pe/wp-content/uploads/2025/12/CRONOGRAMA-DE-ACTIVIDADE-2026.pdf | https://viceacademico.unmsm.edu.pe/?page_id=8731,"Content identity, legal status, extraction quality, or scope has not been fully verified for ingestion."
Reglamento General de Grados y Títulos (VRAP 2022),https://viceacademico.unmsm.edu.pe/wp-content/uploads/2022/03/Reglamento-General-de-Grados-y-T%C3%ADtulos-UNMSM_.pdf,https://viceacademico.unmsm.edu.pe/?page_id=8731,grados_titulos,UNKNOWN,UNKNOWN,POSSIBLY_CURRENT,HIGH,No descriptive note in source inventory.,DOC-083,PDF,UNDETERMINED,UNKNOWN,200,2026-09-29,NOT_REVIEWED,UNKNOWN,NOT_ATTEMPTED,Original inventory metadata reviewed; underlying document content not independently verified.,REVIEW_BEFORE_INGEST,"Read content, confirm scope/version and compare related copies before inclusion. Reachability alone is insufficient.",degrees-general,VERSION_CANDIDATE,DOC-084,"Topic grouping only; no content equivalence, repeal or version identity established.",NOT_COMPARED,Reglamento General de Grados y Titulos (VRAP 2022),UNKNOWN,UNKNOWN,POSSIBLY_CURRENT,200,REVIEW_REQUIRED,uncertain,,NOT_AVAILABLE_NO_LOCAL_FILE,UNKNOWN_NO_LOCAL_BYTES,NOT_POSSIBLE_NO_LOCAL_EXTRACTED_TEXT,NOT_ASSESSED_NO_LOCAL_DOCUMENT,"Download source attachment and inspect tables, prerequisites, footnotes, signatures, and scanned pages.",https://viceacademico.unmsm.edu.pe/wp-content/uploads/2022/03/Reglamento-General-de-Grados-y-T%C3%ADtulos-UNMSM_.pdf | https://viceacademico.unmsm.edu.pe/?page_id=8731,"Content identity, legal status, extraction quality, or scope has not been fully verified for ingestion."
Reglamento General de Grados y Títulos (VRAP 2021),https://viceacademico.unmsm.edu.pe/wp-content/uploads/2021/12/Reglamento-General-de-Grados-y-T%C3%ADtulos.pdf,https://viceacademico.unmsm.edu.pe/?page_id=8731,grados_titulos,UNKNOWN,UNKNOWN,UNKNOWN,MEDIUM,Older uploaded copy; a later upload alone does not prove legal replacement or identical content.,DOC-084,PDF,UNDETERMINED,UNKNOWN,200,2026-09-29,NOT_REVIEWED,UNKNOWN,NOT_ATTEMPTED,Original inventory metadata reviewed; underlying document content not independently verified.,REVIEW_BEFORE_INGEST,"Read content, confirm scope/version and compare related copies before inclusion. Reachability alone is insufficient.",degrees-general,VERSION_CANDIDATE,DOC-083,"Topic grouping only; no content equivalence, repeal or version identity established.",NOT_COMPARED,Reglamento General de Grados y Titulos (VRAP 2021),UNKNOWN,UNKNOWN,SUPERSEDED,200. Copia mas antigua que la de 2022-03 en el mismo indice,REVIEW_REQUIRED,uncertain,,NOT_AVAILABLE_NO_LOCAL_FILE,UNKNOWN_NO_LOCAL_BYTES,NOT_POSSIBLE_NO_LOCAL_EXTRACTED_TEXT,NOT_ASSESSED_NO_LOCAL_DOCUMENT,"Download source attachment and inspect tables, prerequisites, footnotes, signatures, and scanned pages.",https://viceacademico.unmsm.edu.pe/wp-content/uploads/2021/12/Reglamento-General-de-Grados-y-T%C3%ADtulos.pdf | https://viceacademico.unmsm.edu.pe/?page_id=8731,"Content identity, legal status, extraction quality, or scope has not been fully verified for ingestion."
Reglamento General del Sistema de Tutoría para estudiantes de pregrado,https://viceacademico.unmsm.edu.pe/wp-content/uploads/2024/12/Reglamento-General-del-Sistema-de-Tutor%C3%ADa-para-Estudiantes-de-Pregrado-UNMSM.pdf,https://viceacademico.unmsm.edu.pe/?page_id=8731,reglamento_academico,UNKNOWN,UNKNOWN,POSSIBLY_CURRENT,MEDIUM,No descriptive note in source inventory.,DOC-085,PDF,UNDERGRADUATE,UNKNOWN,200,2026-09-29,NOT_REVIEWED,UNKNOWN,NOT_ATTEMPTED,Original inventory metadata reviewed; underlying document content not independently verified.,REVIEW_BEFORE_INGEST,"Read content, confirm scope/version and compare related copies before inclusion. Reachability alone is insufficient.",UNKNOWN,UNDETERMINED,,No document relationship established.,NOT_COMPARED,Reglamento General del Sistema de Tutoria para estudiantes de pregrado,UNKNOWN,UNKNOWN,POSSIBLY_CURRENT,200,REVIEW_REQUIRED,limited to a population,,NOT_AVAILABLE_NO_LOCAL_FILE,UNKNOWN_NO_LOCAL_BYTES,NOT_POSSIBLE_NO_LOCAL_EXTRACTED_TEXT,NOT_ASSESSED_NO_LOCAL_DOCUMENT,"Download source attachment and inspect tables, prerequisites, footnotes, signatures, and scanned pages.",https://viceacademico.unmsm.edu.pe/wp-content/uploads/2024/12/Reglamento-General-del-Sistema-de-Tutor%C3%ADa-para-Estudiantes-de-Pregrado-UNMSM.pdf | https://viceacademico.unmsm.edu.pe/?page_id=8731,"Content identity, legal status, extraction quality, or scope has not been fully verified for ingestion."
Reglamento de Convalidación de Asignatura,https://viceacademico.unmsm.edu.pe/wp-content/uploads/2021/06/Reglamento-de-convalidaci%C3%B3n-de-asignatura.-RR-005516-R-21-del-4-de-junio-del-2021.pdf,https://viceacademico.unmsm.edu.pe/?page_id=8731,procedimientos_tramites,UNKNOWN,RR-005516-R-21,POSSIBLY_CURRENT,HIGH,Fecha 4 de junio 2021 indicada en el nombre de archivo,DOC-086,PDF,UNDETERMINED,UNKNOWN,200,2026-09-29,NOT_REVIEWED,UNKNOWN,NOT_ATTEMPTED,Original inventory metadata reviewed; underlying document content not independently verified.,REVIEW_BEFORE_INGEST,"Read content, confirm scope/version and compare related copies before inclusion. Reachability alone is insufficient.",UNKNOWN,UNDETERMINED,,No document relationship established.,NOT_COMPARED,Reglamento de Convalidacion de Asignatura,2021,RR-005516-R-21,POSSIBLY_CURRENT,200. Fecha 4 de junio 2021 indicada en el nombre de archivo,REVIEW_REQUIRED,uncertain,,NOT_AVAILABLE_NO_LOCAL_FILE,UNKNOWN_NO_LOCAL_BYTES,NOT_POSSIBLE_NO_LOCAL_EXTRACTED_TEXT,NOT_ASSESSED_NO_LOCAL_DOCUMENT,"Download source attachment and inspect tables, prerequisites, footnotes, signatures, and scanned pages.",https://viceacademico.unmsm.edu.pe/wp-content/uploads/2021/06/Reglamento-de-convalidaci%C3%B3n-de-asignatura.-RR-005516-R-21-del-4-de-junio-del-2021.pdf | https://viceacademico.unmsm.edu.pe/?page_id=8731,"Content identity, legal status, extraction quality, or scope has not been fully verified for ingestion."
Reglamento de convalidación o reconocimiento de asignaturas de universidades extranjeras,https://viceacademico.unmsm.edu.pe/wp-content/uploads/2025/07/004915-2025-REGLAMENTO-DE-CONVALIDACI%C3%93N-O-RECONOCIMIENTO-DE-ASIGNATURAS-LLEVADAS-EN-UNIVERSIDADES-EXTRANJERAS.pdf,https://viceacademico.unmsm.edu.pe/?page_id=8731,procedimientos_tramites,UNKNOWN,RR-004915-2025,POSSIBLY_CURRENT,MEDIUM,No descriptive note in source inventory.,DOC-087,PDF,UNDETERMINED,UNKNOWN,200,2026-09-29,NOT_REVIEWED,UNKNOWN,NOT_ATTEMPTED,Original inventory metadata reviewed; underlying document content not independently verified.,REVIEW_BEFORE_INGEST,"Read content, confirm scope/version and compare related copies before inclusion. Reachability alone is insufficient.",UNKNOWN,UNDETERMINED,,No document relationship established.,NOT_COMPARED,Reglamento de convalidacion o reconocimiento de asignaturas de universidades extranjeras,2025,RR-004915-2025,POSSIBLY_CURRENT,200,REVIEW_REQUIRED,uncertain,,NOT_AVAILABLE_NO_LOCAL_FILE,UNKNOWN_NO_LOCAL_BYTES,NOT_POSSIBLE_NO_LOCAL_EXTRACTED_TEXT,NOT_ASSESSED_NO_LOCAL_DOCUMENT,"Download source attachment and inspect tables, prerequisites, footnotes, signatures, and scanned pages.",https://viceacademico.unmsm.edu.pe/wp-content/uploads/2025/07/004915-2025-REGLAMENTO-DE-CONVALIDACI%C3%93N-O-RECONOCIMIENTO-DE-ASIGNATURAS-LLEVADAS-EN-UNIVERSIDADES-EXTRANJERAS.pdf | https://viceacademico.unmsm.edu.pe/?page_id=8731,"Content identity, legal status, extraction quality, or scope has not been fully verified for ingestion."
Reglamento General para la Actividad Académica Docente,https://viceacademico.unmsm.edu.pe/wp-content/uploads/2026/02/Reglamento-General-para-la-Actividad-Acad%C3%A9mica-Docente.pdf,https://viceacademico.unmsm.edu.pe/?page_id=8731,reglamento_academico,UNKNOWN,UNKNOWN,POSSIBLY_CURRENT,MEDIUM,Version VRAP más reciente; contrastar con RR 01042/014104/012530 del SUM,DOC-088,PDF,STAFF,UNKNOWN,200,2026-09-29,NOT_REVIEWED,UNKNOWN,NOT_ATTEMPTED,Original inventory metadata reviewed; underlying document content not independently verified.,OUT_OF_SCOPE,Outside the primary undergraduate student corpus; retain in inventory for a future broader corpus.,teaching-activity,POSSIBLE_CONSOLIDATED_COPY,DOC-045;DOC-047;DOC-060;DOC-061,"Reviewed RR 012530-2023-R preserves other non-conflicting provisions of 2020, 2021 and 2022 resolutions. RR 006241-2021-R is cited but missing from inventory.",NOT_COMPARED,Reglamento General para la Actividad Academica Docente,UNKNOWN,UNKNOWN,POSSIBLY_CURRENT,200. Version VRAP mas reciente; contrastar con RR 01042/014104/012530 del SUM,EXCLUDE,limited to a population,,NOT_AVAILABLE_NO_LOCAL_FILE,UNKNOWN_NO_LOCAL_BYTES,NOT_POSSIBLE_NO_LOCAL_EXTRACTED_TEXT,NOT_ASSESSED_NO_LOCAL_DOCUMENT,"Download source attachment and inspect tables, prerequisites, footnotes, signatures, and scanned pages.",https://viceacademico.unmsm.edu.pe/wp-content/uploads/2026/02/Reglamento-General-para-la-Actividad-Acad%C3%A9mica-Docente.pdf | https://viceacademico.unmsm.edu.pe/?page_id=8731,Outside the undergraduate FISI student corpus defined by the existing review.
Guia para el diseño y actualización curricular,https://viceacademico.unmsm.edu.pe/wp-content/uploads/2026/02/Gu%C3%ADa-para-el-Dise%C3%B1o-y-Actualizaci%C3%B3n-Curricular.pdf,https://viceacademico.unmsm.edu.pe/?page_id=8731,plan_de_estudios,UNKNOWN,UNKNOWN,POSSIBLY_CURRENT,MEDIUM,Relevante para estructura de planes y prerrequisitos,DOC-089,PDF,UNDETERMINED,UNKNOWN,200,2026-09-29,NOT_REVIEWED,UNKNOWN,NOT_ATTEMPTED,Original inventory metadata reviewed; underlying document content not independently verified.,REVIEW_BEFORE_INGEST,"Read content, confirm scope/version and compare related copies before inclusion. Reachability alone is insufficient.",UNKNOWN,UNDETERMINED,,No document relationship established.,NOT_COMPARED,Guia para el diseno y actualizacion curricular,UNKNOWN,UNKNOWN,POSSIBLY_CURRENT,200. Relevante para estructura de planes y prerrequisitos,REVIEW_REQUIRED,uncertain,,NOT_AVAILABLE_NO_LOCAL_FILE,UNKNOWN_NO_LOCAL_BYTES,NOT_POSSIBLE_NO_LOCAL_EXTRACTED_TEXT,NOT_ASSESSED_NO_LOCAL_DOCUMENT,"Download source attachment and inspect tables, prerequisites, footnotes, signatures, and scanned pages.",https://viceacademico.unmsm.edu.pe/wp-content/uploads/2026/02/Gu%C3%ADa-para-el-Dise%C3%B1o-y-Actualizaci%C3%B3n-Curricular.pdf | https://viceacademico.unmsm.edu.pe/?page_id=8731,"Content identity, legal status, extraction quality, or scope has not been fully verified for ingestion."
Reglamento de proceso disciplinario para estudiantes,https://viceacademico.unmsm.edu.pe/wp-content/uploads/2024/01/Resolucion-03500-12_UNMSM.pdf,https://viceacademico.unmsm.edu.pe/?page_id=8731,reglamento_academico,UNKNOWN,RR-03500-12,POSSIBLY_CURRENT,LOW,Numero de RR sugiere 2012; no verificado en el PDF,DOC-090,PDF,UNDETERMINED,UNKNOWN,200,2026-09-29,NOT_REVIEWED,UNKNOWN,NOT_ATTEMPTED,Original inventory metadata reviewed; underlying document content not independently verified.,REVIEW_BEFORE_INGEST,"Read content, confirm scope/version and compare related copies before inclusion. Reachability alone is insufficient.",UNKNOWN,UNDETERMINED,,No document relationship established.,NOT_COMPARED,Reglamento de proceso disciplinario para estudiantes,UNKNOWN,RR-03500-12,POSSIBLY_CURRENT,200. Numero de RR sugiere 2012; no verificado en el PDF,REVIEW_REQUIRED,uncertain,,NOT_AVAILABLE_NO_LOCAL_FILE,UNKNOWN_NO_LOCAL_BYTES,NOT_POSSIBLE_NO_LOCAL_EXTRACTED_TEXT,NOT_ASSESSED_NO_LOCAL_DOCUMENT,"Download source attachment and inspect tables, prerequisites, footnotes, signatures, and scanned pages.",https://viceacademico.unmsm.edu.pe/wp-content/uploads/2024/01/Resolucion-03500-12_UNMSM.pdf | https://viceacademico.unmsm.edu.pe/?page_id=8731,"Content identity, legal status, extraction quality, or scope has not been fully verified for ingestion."
Directiva: plan de trabajo para atencion de estudiantes en riesgo de interrupcion o desercion,https://viceacademico.unmsm.edu.pe/wp-content/uploads/2022/10/008955-2022-R-Directiva.-Plan-de-Trabajo-para-la-Atenci%C3%B3n-de-Estudiantes-en-Riesgo-de-Interrupci%C3%B3n-o-Desersi%C3%B3n.pdf,https://viceacademico.unmsm.edu.pe/?page_id=8731,reglamento_academico,UNKNOWN,RR-008955-2022-R,POSSIBLY_CURRENT,MEDIUM,No descriptive note in source inventory.,DOC-091,PDF,UNDETERMINED,UNKNOWN,200,2026-09-29,NOT_REVIEWED,UNKNOWN,NOT_ATTEMPTED,Original inventory metadata reviewed; underlying document content not independently verified.,REVIEW_BEFORE_INGEST,"Read content, confirm scope/version and compare related copies before inclusion. Reachability alone is insufficient.",UNKNOWN,UNDETERMINED,,No document relationship established.,NOT_COMPARED,Directiva: plan de trabajo para atencion de estudiantes en riesgo de interrupcion o desercion,2022,RR-008955-2022-R,POSSIBLY_CURRENT,200,REVIEW_REQUIRED,uncertain,,NOT_AVAILABLE_NO_LOCAL_FILE,UNKNOWN_NO_LOCAL_BYTES,NOT_POSSIBLE_NO_LOCAL_EXTRACTED_TEXT,NOT_ASSESSED_NO_LOCAL_DOCUMENT,"Download source attachment and inspect tables, prerequisites, footnotes, signatures, and scanned pages.",https://viceacademico.unmsm.edu.pe/wp-content/uploads/2022/10/008955-2022-R-Directiva.-Plan-de-Trabajo-para-la-Atenci%C3%B3n-de-Estudiantes-en-Riesgo-de-Interrupci%C3%B3n-o-Desersi%C3%B3n.pdf | https://viceacademico.unmsm.edu.pe/?page_id=8731,"Content identity, legal status, extraction quality, or scope has not been fully verified for ingestion."
Reglamento de salud mental universitario,https://viceacademico.unmsm.edu.pe/wp-content/uploads/2022/12/Reglamento-de-Salud-Mental-Universitario.pdf,https://viceacademico.unmsm.edu.pe/?page_id=8731,organizacion_institucional,UNKNOWN,UNKNOWN,POSSIBLY_CURRENT,LOW,No descriptive note in source inventory.,DOC-092,PDF,UNDETERMINED,UNKNOWN,200,2026-09-29,NOT_REVIEWED,UNKNOWN,NOT_ATTEMPTED,Original inventory metadata reviewed; underlying document content not independently verified.,REVIEW_BEFORE_INGEST,"Read content, confirm scope/version and compare related copies before inclusion. Reachability alone is insufficient.",UNKNOWN,UNDETERMINED,,No document relationship established.,NOT_COMPARED,Reglamento de salud mental universitario,UNKNOWN,UNKNOWN,POSSIBLY_CURRENT,200,REVIEW_REQUIRED,uncertain,,NOT_AVAILABLE_NO_LOCAL_FILE,UNKNOWN_NO_LOCAL_BYTES,NOT_POSSIBLE_NO_LOCAL_EXTRACTED_TEXT,NOT_ASSESSED_NO_LOCAL_DOCUMENT,"Download source attachment and inspect tables, prerequisites, footnotes, signatures, and scanned pages.",https://viceacademico.unmsm.edu.pe/wp-content/uploads/2022/12/Reglamento-de-Salud-Mental-Universitario.pdf | https://viceacademico.unmsm.edu.pe/?page_id=8731,"Content identity, legal status, extraction quality, or scope has not been fully verified for ingestion."
Reglamento de prevención y sanción del hostigamiento sexual,https://viceacademico.unmsm.edu.pe/wp-content/uploads/2025/03/Reglamento-de-Prevenci%C3%B3n-y-Sanci%C3%B3n-del-Hostigamiento-Sexual-UNMSM.pdf,https://viceacademico.unmsm.edu.pe/?page_id=8731,organizacion_institucional,UNKNOWN,UNKNOWN,POSSIBLY_CURRENT,LOW,No descriptive note in source inventory.,DOC-093,PDF,UNDETERMINED,UNKNOWN,200,2026-09-29,NOT_REVIEWED,UNKNOWN,NOT_ATTEMPTED,Original inventory metadata reviewed; underlying document content not independently verified.,REVIEW_BEFORE_INGEST,"Read content, confirm scope/version and compare related copies before inclusion. Reachability alone is insufficient.",UNKNOWN,UNDETERMINED,,No document relationship established.,NOT_COMPARED,Reglamento de prevencion y sancion del hostigamiento sexual,UNKNOWN,UNKNOWN,POSSIBLY_CURRENT,200,REVIEW_REQUIRED,uncertain,,NOT_AVAILABLE_NO_LOCAL_FILE,UNKNOWN_NO_LOCAL_BYTES,NOT_POSSIBLE_NO_LOCAL_EXTRACTED_TEXT,NOT_ASSESSED_NO_LOCAL_DOCUMENT,"Download source attachment and inspect tables, prerequisites, footnotes, signatures, and scanned pages.",https://viceacademico.unmsm.edu.pe/wp-content/uploads/2025/03/Reglamento-de-Prevenci%C3%B3n-y-Sanci%C3%B3n-del-Hostigamiento-Sexual-UNMSM.pdf | https://viceacademico.unmsm.edu.pe/?page_id=8731,"Content identity, legal status, extraction quality, or scope has not been fully verified for ingestion."
Reglamento de otorgamiento de licencias con goce de haber por perfeccionamiento,https://viceacademico.unmsm.edu.pe/wp-content/uploads/2026/05/REGLAMENTO-DE-OTORGAMIENTO-DE-LICENCIAS-CON-GOCE-UNMSM.pdf,https://viceacademico.unmsm.edu.pe/?page_id=8731,organizacion_institucional,UNKNOWN,UNKNOWN,POSSIBLY_CURRENT,LOW,No descriptive note in source inventory.,DOC-094,PDF,STAFF,UNKNOWN,200,2026-09-29,NOT_REVIEWED,UNKNOWN,NOT_ATTEMPTED,Original inventory metadata reviewed; underlying document content not independently verified.,OUT_OF_SCOPE,Outside the primary undergraduate student corpus; retain in inventory for a future broader corpus.,UNKNOWN,UNDETERMINED,,No document relationship established.,NOT_COMPARED,Reglamento de otorgamiento de licencias con goce de haber por perfeccionamiento,UNKNOWN,UNKNOWN,POSSIBLY_CURRENT,200,EXCLUDE,limited to a population,,NOT_AVAILABLE_NO_LOCAL_FILE,UNKNOWN_NO_LOCAL_BYTES,NOT_POSSIBLE_NO_LOCAL_EXTRACTED_TEXT,NOT_ASSESSED_NO_LOCAL_DOCUMENT,"Download source attachment and inspect tables, prerequisites, footnotes, signatures, and scanned pages.",https://viceacademico.unmsm.edu.pe/wp-content/uploads/2026/05/REGLAMENTO-DE-OTORGAMIENTO-DE-LICENCIAS-CON-GOCE-UNMSM.pdf | https://viceacademico.unmsm.edu.pe/?page_id=8731,Outside the undergraduate FISI student corpus defined by the existing review.
Modelo Educativo de la UNMSM 2024,https://viceacademico.unmsm.edu.pe/wp-content/uploads/2025/01/Modelo-Educativo-2024-de-la-Universidad-Nacional-Mayor-de-San-Marcos.pdf,https://viceacademico.unmsm.edu.pe/?page_id=8731,organizacion_institucional,UNKNOWN,2024,POSSIBLY_CURRENT,LOW,No descriptive note in source inventory.,DOC-095,PDF,UNDETERMINED,UNKNOWN,200,2026-09-29,NOT_REVIEWED,UNKNOWN,NOT_ATTEMPTED,Original inventory metadata reviewed; underlying document content not independently verified.,REVIEW_BEFORE_INGEST,"Read content, confirm scope/version and compare related copies before inclusion. Reachability alone is insufficient.",UNKNOWN,UNDETERMINED,,No document relationship established.,NOT_COMPARED,Modelo Educativo de la UNMSM 2024,2024,2024,POSSIBLY_CURRENT,200,REVIEW_REQUIRED,uncertain,,NOT_AVAILABLE_NO_LOCAL_FILE,UNKNOWN_NO_LOCAL_BYTES,NOT_POSSIBLE_NO_LOCAL_EXTRACTED_TEXT,NOT_ASSESSED_NO_LOCAL_DOCUMENT,"Download source attachment and inspect tables, prerequisites, footnotes, signatures, and scanned pages.",https://viceacademico.unmsm.edu.pe/wp-content/uploads/2025/01/Modelo-Educativo-2024-de-la-Universidad-Nacional-Mayor-de-San-Marcos.pdf | https://viceacademico.unmsm.edu.pe/?page_id=8731,"Content identity, legal status, extraction quality, or scope has not been fully verified for ingestion."
Ley 30220 Ley Universitaria (copia VRAP),https://viceacademico.unmsm.edu.pe/wp-content/uploads/2017/08/Ley-universitaria-30220.pdf,https://viceacademico.unmsm.edu.pe/?page_id=8731,organizacion_institucional,UNKNOWN,LEY-30220,UNKNOWN,MEDIUM,Copy of Ley 30220. Upload directory 2017/08 is not enactment or publication date. Consolidation and byte identity unverified.,DOC-096,PDF,UNDETERMINED,UNKNOWN,200,2026-09-29,NOT_REVIEWED,UNKNOWN,NOT_ATTEMPTED,Original inventory metadata reviewed; underlying document content not independently verified.,REVIEW_BEFORE_INGEST,"Read content, confirm scope/version and compare related copies before inclusion. Reachability alone is insufficient.",university-law-30220,POSSIBLE_MIRROR,DOC-071;DOC-072,"Topic grouping only; no content equivalence, repeal or version identity established.",NOT_COMPARED,Ley 30220 Ley Universitaria (copia VRAP),2017,LEY-30220,POSSIBLY_CURRENT,200. Carpeta de subida 2017-08; duplicado de la copia en sum.unmsm.edu.pe,REVIEW_REQUIRED,uncertain,,NOT_AVAILABLE_NO_LOCAL_FILE,UNKNOWN_NO_LOCAL_BYTES,NOT_POSSIBLE_NO_LOCAL_EXTRACTED_TEXT,NOT_ASSESSED_NO_LOCAL_DOCUMENT,"Download source attachment and inspect tables, prerequisites, footnotes, signatures, and scanned pages.",https://viceacademico.unmsm.edu.pe/wp-content/uploads/2017/08/Ley-universitaria-30220.pdf | https://viceacademico.unmsm.edu.pe/?page_id=8731,"Content identity, legal status, extraction quality, or scope has not been fully verified for ingestion."
FISI sede sistemas (home),https://sistemas.unmsm.edu.pe/site/index.php,https://sistemas.unmsm.edu.pe,fisi_especifico,UNKNOWN,UNKNOWN,LISTED,CRITICAL,"Joomla; requisito de TLS: navegacion con navegador, no API client",DOC-097,WEB_PAGE,UNDETERMINED,UNKNOWN,200,2026-09-29,NOT_REVIEWED,UNKNOWN,NOT_ATTEMPTED,Original inventory metadata reviewed; underlying document content not independently verified.,DISCOVERY_ONLY,Use as a source locator; extract substantive page content separately before deciding whether it belongs in retrieval.,UNKNOWN,UNDETERMINED,,No document relationship established.,NOT_COMPARED,FISI sede sistemas (home),UNKNOWN,UNKNOWN,CURRENT,"200. Joomla; requisito de TLS: navegacion con navegador, no API client",DISCOVERY_ONLY,uncertain,,NOT_AVAILABLE_NO_LOCAL_FILE,UNKNOWN_NO_LOCAL_BYTES,NOT_POSSIBLE_NO_LOCAL_EXTRACTED_TEXT,NOT_ASSESSED_NO_LOCAL_DOCUMENT,"Download source attachment and inspect tables, prerequisites, footnotes, signatures, and scanned pages.",https://sistemas.unmsm.edu.pe/site/index.php | https://sistemas.unmsm.edu.pe,Locator/catalog page; do not treat as operative rule text.
Ingenieria de Sistemas (pregrado FISI),https://sistemas.unmsm.edu.pe/site/pregrado/ingenieria-de-sistemas,https://sistemas.unmsm.edu.pe/site/index.php,fisi_especifico,UNKNOWN,UNKNOWN,LISTED,HIGH,Pagina EAP con trámites y documentos de la carrera,DOC-098,WEB_PAGE,UNDERGRADUATE,UNKNOWN,200,2026-09-29,NOT_REVIEWED,UNKNOWN,NOT_ATTEMPTED,Original inventory metadata reviewed; underlying document content not independently verified.,DISCOVERY_ONLY,Use as a source locator; extract substantive page content separately before deciding whether it belongs in retrieval.,UNKNOWN,UNDETERMINED,,No document relationship established.,NOT_COMPARED,Ingenieria de Sistemas (pregrado FISI),UNKNOWN,UNKNOWN,CURRENT,200. Pagina EAP con trmites y documentos de la carrera,DISCOVERY_ONLY,limited to a population,,NOT_AVAILABLE_NO_LOCAL_FILE,UNKNOWN_NO_LOCAL_BYTES,NOT_POSSIBLE_NO_LOCAL_EXTRACTED_TEXT,NOT_ASSESSED_NO_LOCAL_DOCUMENT,"Download source attachment and inspect tables, prerequisites, footnotes, signatures, and scanned pages.",https://sistemas.unmsm.edu.pe/site/pregrado/ingenieria-de-sistemas | https://sistemas.unmsm.edu.pe/site/index.php,Locator/catalog page; do not treat as operative rule text.
FISI: 1er proceso de rectificación de matrícula y matrícula extemporanea 2026-II,https://sistemas.unmsm.edu.pe/site/noticias/35-importante/1841-1er-proceso-de-rectificacion-de-matricula-y-matricula-extemporanea-2026-ii,https://sistemas.unmsm.edu.pe/site/index.php,matricula,UNKNOWN,2026-II,TEMPORARY,HIGH,Noticia de proceso 2026-II,DOC-099,WEB_PAGE,UNDETERMINED,2026-II,200,2026-09-29,NOT_REVIEWED,2026-09-29,FETCH_FAILED,Web tool timed out; active deadlines could not be verified.,DISCOVERY_ONLY,Use as a source locator; extract substantive page content separately before deciding whether it belongs in retrieval.,UNKNOWN,UNDETERMINED,,No document relationship established.,NOT_COMPARED,FISI: 1er proceso de rectificacion de matricula y matricula extemporanea 2026-II,2026,2026-II,TEMPORARY,200. Noticia de proceso 2026-II,DISCOVERY_ONLY,limited to a population,,NOT_AVAILABLE_NO_LOCAL_FILE,UNKNOWN_NO_LOCAL_BYTES,NOT_POSSIBLE_NO_LOCAL_EXTRACTED_TEXT,NOT_ASSESSED_NO_LOCAL_DOCUMENT,"Download source attachment and inspect tables, prerequisites, footnotes, signatures, and scanned pages.",https://sistemas.unmsm.edu.pe/site/noticias/35-importante/1841-1er-proceso-de-rectificacion-de-matricula-y-matricula-extemporanea-2026-ii | https://sistemas.unmsm.edu.pe/site/index.php,Locator/catalog page; do not treat as operative rule text.
Formato de solicitud de matrícula extemporanea 2026-II,https://sistemas.unmsm.edu.pe/site/images/FORMATO_DE_SOLICITUD_DE_MATRICULA_EXTEMPORANEA_2026-II_1.docx,https://sistemas.unmsm.edu.pe/site/noticias/35-importante/1841-1er-proceso-de-rectificacion-de-matricula-y-matricula-extemporanea-2026-ii,formularios,UNKNOWN,2026-II,TEMPORARY,HIGH,Disparador de descarga si se navega directamente (page.goto Download),DOC-100,DOCX,UNDETERMINED,2026-II,200,2026-09-29,NOT_REVIEWED,UNKNOWN,NOT_ATTEMPTED,Original inventory metadata reviewed; underlying document content not independently verified.,REVIEW_BEFORE_INGEST,"Read content, confirm scope/version and compare related copies before inclusion. Reachability alone is insufficient.",UNKNOWN,UNDETERMINED,,No document relationship established.,NOT_COMPARED,Formato de solicitud de matricula extemporanea 2026-II,2026,2026-II,TEMPORARY,200. Disparador de descarga si se navega directamente (page.goto Download),REVIEW_REQUIRED,limited to a population,,NOT_AVAILABLE_NO_LOCAL_FILE,UNKNOWN_NO_LOCAL_BYTES,NOT_POSSIBLE_NO_LOCAL_EXTRACTED_TEXT,NOT_ASSESSED_NO_LOCAL_DOCUMENT,"Download source attachment and inspect tables, prerequisites, footnotes, signatures, and scanned pages.",https://sistemas.unmsm.edu.pe/site/images/FORMATO_DE_SOLICITUD_DE_MATRICULA_EXTEMPORANEA_2026-II_1.docx | https://sistemas.unmsm.edu.pe/site/noticias/35-importante/1841-1er-proceso-de-rectificacion-de-matricula-y-matricula-extemporanea-2026-ii,"Content identity, legal status, extraction quality, or scope has not been fully verified for ingestion."
Formato de solicitud de rectificación de matrícula 2026-II,https://sistemas.unmsm.edu.pe/site/images/FORMATO_DE_SOLICITUD_DE_RECTIFICACIO%CC%81N_DE_MATRI%CC%81CULA_2026-II_1.docx,https://sistemas.unmsm.edu.pe/site/noticias/35-importante/1841-1er-proceso-de-rectificacion-de-matricula-y-matricula-extemporanea-2026-ii,formularios,UNKNOWN,2026-II,TEMPORARY,HIGH,Disparador de descarga si se navega directamente,DOC-101,DOCX,UNDETERMINED,2026-II,200,2026-09-29,NOT_REVIEWED,UNKNOWN,NOT_ATTEMPTED,Original inventory metadata reviewed; underlying document content not independently verified.,REVIEW_BEFORE_INGEST,"Read content, confirm scope/version and compare related copies before inclusion. Reachability alone is insufficient.",UNKNOWN,UNDETERMINED,,No document relationship established.,NOT_COMPARED,Formato de solicitud de rectificacion de matricula 2026-II,2026,2026-II,TEMPORARY,200. Disparador de descarga si se navega directamente,REVIEW_REQUIRED,limited to a population,,NOT_AVAILABLE_NO_LOCAL_FILE,UNKNOWN_NO_LOCAL_BYTES,NOT_POSSIBLE_NO_LOCAL_EXTRACTED_TEXT,NOT_ASSESSED_NO_LOCAL_DOCUMENT,"Download source attachment and inspect tables, prerequisites, footnotes, signatures, and scanned pages.",https://sistemas.unmsm.edu.pe/site/images/FORMATO_DE_SOLICITUD_DE_RECTIFICACIO%CC%81N_DE_MATRI%CC%81CULA_2026-II_1.docx | https://sistemas.unmsm.edu.pe/site/noticias/35-importante/1841-1er-proceso-de-rectificacion-de-matricula-y-matricula-extemporanea-2026-ii,"Content identity, legal status, extraction quality, or scope has not been fully verified for ingestion."
FISI: comunicado requisitos de grado,https://sistemas.unmsm.edu.pe/site/noticias/35-importante/772-comunicado-requisitos-para-sustentar-su-grado-de-bachiller-en-la-mencion-de-sistemas-informaticos,https://sistemas.unmsm.edu.pe/site/index.php,grados_titulos,UNKNOWN,UNKNOWN,POSSIBLY_CURRENT,HIGH,Noticia FISI sobre requisitos de grado,DOC-102,WEB_PAGE,UNDETERMINED,UNKNOWN,200,2026-09-29,NOT_REVIEWED,UNKNOWN,NOT_ATTEMPTED,Original inventory metadata reviewed; underlying document content not independently verified.,DISCOVERY_ONLY,Use as a source locator; extract substantive page content separately before deciding whether it belongs in retrieval.,UNKNOWN,UNDETERMINED,,No document relationship established.,NOT_COMPARED,FISI: comunicado requisitos de grado,UNKNOWN,UNKNOWN,POSSIBLY_CURRENT,200. Noticia FISI sobre requisitos de grado,DISCOVERY_ONLY,uncertain,,NOT_AVAILABLE_NO_LOCAL_FILE,UNKNOWN_NO_LOCAL_BYTES,NOT_POSSIBLE_NO_LOCAL_EXTRACTED_TEXT,NOT_ASSESSED_NO_LOCAL_DOCUMENT,"Download source attachment and inspect tables, prerequisites, footnotes, signatures, and scanned pages.",https://sistemas.unmsm.edu.pe/site/noticias/35-importante/772-comunicado-requisitos-para-sustentar-su-grado-de-bachiller-en-la-mencion-de-sistemas-informaticos | https://sistemas.unmsm.edu.pe/site/index.php,Locator/catalog page; do not treat as operative rule text.
Trámite grado académico de bachiller (FISI),https://sistemas.unmsm.edu.pe/site/images/pdf/noticias/Tramite_Grado_Academico_Bachiller_MAT_2.pdf,https://sistemas.unmsm.edu.pe/site/noticias/35-importante/772-comunicado-requisitos-para-sustentar-su-grado-de-bachiller-en-la-mencion-de-sistemas-informaticos,grados_titulos,UNKNOWN,UNKNOWN,POSSIBLY_CURRENT,HIGH,No descriptive note in source inventory.,DOC-103,PDF,UNDERGRADUATE,UNKNOWN,200,2026-09-29,NOT_REVIEWED,UNKNOWN,NOT_ATTEMPTED,Original inventory metadata reviewed; underlying document content not independently verified.,REVIEW_BEFORE_INGEST,"Read content, confirm scope/version and compare related copies before inclusion. Reachability alone is insufficient.",UNKNOWN,UNDETERMINED,,No document relationship established.,NOT_COMPARED,Tramite grado academico de bachiller (FISI),UNKNOWN,UNKNOWN,POSSIBLY_CURRENT,200,REVIEW_REQUIRED,limited to a population,,NOT_AVAILABLE_NO_LOCAL_FILE,UNKNOWN_NO_LOCAL_BYTES,NOT_POSSIBLE_NO_LOCAL_EXTRACTED_TEXT,NOT_ASSESSED_NO_LOCAL_DOCUMENT,"Download source attachment and inspect tables, prerequisites, footnotes, signatures, and scanned pages.",https://sistemas.unmsm.edu.pe/site/images/pdf/noticias/Tramite_Grado_Academico_Bachiller_MAT_2.pdf | https://sistemas.unmsm.edu.pe/site/noticias/35-importante/772-comunicado-requisitos-para-sustentar-su-grado-de-bachiller-en-la-mencion-de-sistemas-informaticos,"Content identity, legal status, extraction quality, or scope has not been fully verified for ingestion."
Trámite de titulo profesional (FISI),https://sistemas.unmsm.edu.pe/site/images/pdf/Tramite_Titulo_Profesional_MAT.pdf,https://sistemas.unmsm.edu.pe/site/noticias/35-importante/772-comunicado-requisitos-para-sustentar-su-grado-de-bachiller-en-la-mencion-de-sistemas-informaticos,grados_titulos,UNKNOWN,UNKNOWN,POSSIBLY_CURRENT,HIGH,No descriptive note in source inventory.,DOC-104,PDF,UNDETERMINED,UNKNOWN,200,2026-09-29,NOT_REVIEWED,UNKNOWN,NOT_ATTEMPTED,Original inventory metadata reviewed; underlying document content not independently verified.,REVIEW_BEFORE_INGEST,"Read content, confirm scope/version and compare related copies before inclusion. Reachability alone is insufficient.",UNKNOWN,UNDETERMINED,,No document relationship established.,NOT_COMPARED,Tramite de titulo profesional (FISI),UNKNOWN,UNKNOWN,POSSIBLY_CURRENT,200,REVIEW_REQUIRED,uncertain,,NOT_AVAILABLE_NO_LOCAL_FILE,UNKNOWN_NO_LOCAL_BYTES,NOT_POSSIBLE_NO_LOCAL_EXTRACTED_TEXT,NOT_ASSESSED_NO_LOCAL_DOCUMENT,"Download source attachment and inspect tables, prerequisites, footnotes, signatures, and scanned pages.",https://sistemas.unmsm.edu.pe/site/images/pdf/Tramite_Titulo_Profesional_MAT.pdf | https://sistemas.unmsm.edu.pe/site/noticias/35-importante/772-comunicado-requisitos-para-sustentar-su-grado-de-bachiller-en-la-mencion-de-sistemas-informaticos,"Content identity, legal status, extraction quality, or scope has not been fully verified for ingestion."
Flujograma de matrícula - reactualización - reserva (FISI),https://sistemas.unmsm.edu.pe/site/images/pdf/Flujograma_de_Matricula_-_Reactualizacion_-_Reserva.pdf,https://sistemas.unmsm.edu.pe/site/pregrado/ingenieria-de-sistemas,retiros_reservas_reincorporacion,UNKNOWN,UNKNOWN,POSSIBLY_CURRENT,CRITICAL,Documento FISI especifico sobre reserva y reactualización,DOC-105,PDF,UNDETERMINED,UNKNOWN,200,2026-09-29,NOT_REVIEWED,UNKNOWN,NOT_ATTEMPTED,Original inventory metadata reviewed; underlying document content not independently verified.,REVIEW_BEFORE_INGEST,"Read content, confirm scope/version and compare related copies before inclusion. Reachability alone is insufficient.",UNKNOWN,UNDETERMINED,,No document relationship established.,NOT_COMPARED,Flujograma de matricula - reactualizacion - reserva (FISI),UNKNOWN,UNKNOWN,POSSIBLY_CURRENT,200. Documento FISI especifico sobre reserva y reactualizacion,REVIEW_REQUIRED,uncertain,,NOT_AVAILABLE_NO_LOCAL_FILE,UNKNOWN_NO_LOCAL_BYTES,NOT_POSSIBLE_NO_LOCAL_EXTRACTED_TEXT,NOT_ASSESSED_NO_LOCAL_DOCUMENT,"Download source attachment and inspect tables, prerequisites, footnotes, signatures, and scanned pages.",https://sistemas.unmsm.edu.pe/site/images/pdf/Flujograma_de_Matricula_-_Reactualizacion_-_Reserva.pdf | https://sistemas.unmsm.edu.pe/site/pregrado/ingenieria-de-sistemas,"Content identity, legal status, extraction quality, or scope has not been fully verified for ingestion."
Cronograma de actividades 2026 FISI,https://sistemas.unmsm.edu.pe/site/images/slide/Cronograma_Actividades_2026_RR-014408-2025-R.pdf,https://sistemas.unmsm.edu.pe/site/index.php,calendario_horarios_oferta,UNKNOWN,RR-014408-2025-R,TEMPORARY,HIGH,Same reported resolution as SUM calendar. Related copy; identical content and byte identity unverified.,DOC-106,PDF,UNDETERMINED,2026,200,2026-09-29,NOT_REVIEWED,UNKNOWN,NOT_ATTEMPTED,Original inventory metadata reviewed; underlying document content not independently verified.,REVIEW_BEFORE_INGEST,"Read content, confirm scope/version and compare related copies before inclusion. Reachability alone is insufficient.",calendar-2026,POSSIBLE_RELATED_COPY,DOC-007;DOC-008;DOC-082,2026 calendar family based on title or reported RR; only SUM annex content reviewed. Byte identity not tested.,NOT_COMPARED,Cronograma de actividades 2026 FISI,2026,RR-014408-2025-R,POSSIBLY_CURRENT,200. Misma RR que el cronograma del SUM; duplicado de contenido,REVIEW_REQUIRED,limited to a population,,NOT_AVAILABLE_NO_LOCAL_FILE,UNKNOWN_NO_LOCAL_BYTES,NOT_POSSIBLE_NO_LOCAL_EXTRACTED_TEXT,NOT_ASSESSED_NO_LOCAL_DOCUMENT,"Download source attachment and inspect tables, prerequisites, footnotes, signatures, and scanned pages.",https://sistemas.unmsm.edu.pe/site/images/slide/Cronograma_Actividades_2026_RR-014408-2025-R.pdf | https://sistemas.unmsm.edu.pe/site/index.php,"Content identity, legal status, extraction quality, or scope has not been fully verified for ingestion."
Trámites posgrado (tarifario FISI),https://sistemas.unmsm.edu.pe/site/estudiantes/tramites-posgrado,https://sistemas.unmsm.edu.pe/site/index.php,fisi_especifico,UNKNOWN,UNKNOWN,LISTED,LOW,Contiene tarifas; valor procedimental limitado,DOC-107,WEB_PAGE,POSTGRADUATE,UNKNOWN,200,2026-09-29,NOT_REVIEWED,UNKNOWN,NOT_ATTEMPTED,Original inventory metadata reviewed; underlying document content not independently verified.,OUT_OF_SCOPE,Outside the primary undergraduate student corpus; retain in inventory for a future broader corpus.,UNKNOWN,UNDETERMINED,,No document relationship established.,NOT_COMPARED,Tramites posgrado (tarifario FISI),UNKNOWN,UNKNOWN,CURRENT,200. Contiene tarifas; valor procedimental limitado,EXCLUDE,limited to a population,,NOT_AVAILABLE_NO_LOCAL_FILE,UNKNOWN_NO_LOCAL_BYTES,NOT_POSSIBLE_NO_LOCAL_EXTRACTED_TEXT,NOT_ASSESSED_NO_LOCAL_DOCUMENT,"Download source attachment and inspect tables, prerequisites, footnotes, signatures, and scanned pages.",https://sistemas.unmsm.edu.pe/site/estudiantes/tramites-posgrado | https://sistemas.unmsm.edu.pe/site/index.php,Outside the undergraduate FISI student corpus defined by the existing review.
Plan de estudios Ing. Sistemas (enlace desde UNMSM),https://sistemas.unmsm.edu.pe/sistemas/eap/plan2018,https://www.unmsm.edu.pe/formacion-academica/carreras-de-pregrado/carrera-detalle/ingenieria-de-sistemas,plan_de_estudios,UNKNOWN,UNKNOWN,UNKNOWN,CRITICAL,verificado. Es el enlace 'Plan de estudios' oficial de la ficha de carrera; GAP critico,DOC-108,WEB_PAGE,UNDERGRADUATE,UNKNOWN,404,2026-09-29,NOT_REVIEWED,2026-09-29,FETCH_FAILED,URL inaccessible through web tool; original reported 404 was not independently confirmed.,SOURCE_GAP,Reported unavailable study-plan source. Obtain the applicable approved 2018 FISI Systems Engineering plan and amendments; do not substitute curriculum guidance or another cohort plan.,UNKNOWN,UNDETERMINED,,No document relationship established.,NOT_COMPARED,Plan de estudios Ing. Sistemas (enlace desde UNMSM),UNKNOWN,UNKNOWN,UNKNOWN,404 verificado. Es el enlace 'Plan de estudios' oficial de la ficha de carrera; GAP critico,REVIEW_REQUIRED,limited to a population,,NOT_AVAILABLE_NO_LOCAL_FILE,UNKNOWN_NO_LOCAL_BYTES,NOT_POSSIBLE_NO_LOCAL_EXTRACTED_TEXT,NOT_ASSESSED_NO_LOCAL_DOCUMENT,"Download source attachment and inspect tables, prerequisites, footnotes, signatures, and scanned pages.",https://sistemas.unmsm.edu.pe/sistemas/eap/plan2018 | https://www.unmsm.edu.pe/formacion-academica/carreras-de-pregrado/carrera-detalle/ingenieria-de-sistemas,"Missing/inaccessible source locator is an unresolved blocker, not an ingestible content file."
Información util para estudiantes (UNMSM),https://www.unmsm.edu.pe/informacion-util/informacion-util-estudiantes,https://www.unmsm.edu.pe,procedimientos_tramites,UNKNOWN,UNKNOWN,LISTED,HIGH,"Tarjetas enlazan a cronograma SUM, aula virtual, reserva de matrícula y (roto) planes de estudio",DOC-109,WEB_PAGE,UNDETERMINED,UNKNOWN,200,2026-09-29,NOT_REVIEWED,UNKNOWN,NOT_ATTEMPTED,Original inventory metadata reviewed; underlying document content not independently verified.,DISCOVERY_ONLY,Use as a source locator; extract substantive page content separately before deciding whether it belongs in retrieval.,UNKNOWN,UNDETERMINED,,No document relationship established.,NOT_COMPARED,Informacion util para estudiantes (UNMSM),UNKNOWN,UNKNOWN,CURRENT,"200. Tarjetas enlazan a cronograma SUM, aula virtual, reserva de matricula y (roto) planes de estudio",DISCOVERY_ONLY,uncertain,,NOT_AVAILABLE_NO_LOCAL_FILE,UNKNOWN_NO_LOCAL_BYTES,NOT_POSSIBLE_NO_LOCAL_EXTRACTED_TEXT,NOT_ASSESSED_NO_LOCAL_DOCUMENT,"Download source attachment and inspect tables, prerequisites, footnotes, signatures, and scanned pages.",https://www.unmsm.edu.pe/informacion-util/informacion-util-estudiantes | https://www.unmsm.edu.pe,Locator/catalog page; do not treat as operative rule text.
Ficha de carrera Ing. Sistemas (UNMSM),https://www.unmsm.edu.pe/formacion-academica/carreras-de-pregrado/carrera-detalle/ingenieria-de-sistemas,https://www.unmsm.edu.pe,fisi_especifico,UNKNOWN,UNKNOWN,LISTED,HIGH,Describe la EAP y enlaza el plan de estudios (enlace roto),DOC-110,WEB_PAGE,UNDERGRADUATE,UNKNOWN,200,2026-09-29,NOT_REVIEWED,UNKNOWN,NOT_ATTEMPTED,Original inventory metadata reviewed; underlying document content not independently verified.,DISCOVERY_ONLY,Use as a source locator; extract substantive page content separately before deciding whether it belongs in retrieval.,UNKNOWN,UNDETERMINED,,No document relationship established.,NOT_COMPARED,Ficha de carrera Ing. Sistemas (UNMSM),UNKNOWN,UNKNOWN,CURRENT,200. Describe la EAP y enlaza el plan de estudios (enlace roto),DISCOVERY_ONLY,limited to a population,,NOT_AVAILABLE_NO_LOCAL_FILE,UNKNOWN_NO_LOCAL_BYTES,NOT_POSSIBLE_NO_LOCAL_EXTRACTED_TEXT,NOT_ASSESSED_NO_LOCAL_DOCUMENT,"Download source attachment and inspect tables, prerequisites, footnotes, signatures, and scanned pages.",https://www.unmsm.edu.pe/formacion-academica/carreras-de-pregrado/carrera-detalle/ingenieria-de-sistemas | https://www.unmsm.edu.pe,Locator/catalog page; do not treat as operative rule text.
Reserva de matrícula (SGD),https://sgd.unmsm.edu.pe/reserva_matricula.html,https://www.unmsm.edu.pe/informacion-util/informacion-util-estudiantes,retiros_reservas_reincorporacion,UNKNOWN,UNKNOWN,LISTED,HIGH,via navegador. Cadena TLS no confiable para clientes API; posible captcha o formulario,DOC-111,WEB_PAGE,UNDETERMINED,UNKNOWN,200,2026-09-29,NOT_REVIEWED,UNKNOWN,NOT_ATTEMPTED,Original inventory metadata reviewed; underlying document content not independently verified.,DISCOVERY_ONLY,Use as a source locator; extract substantive page content separately before deciding whether it belongs in retrieval.,UNKNOWN,UNDETERMINED,,No document relationship established.,NOT_COMPARED,Reserva de matricula (SGD),UNKNOWN,UNKNOWN,CURRENT,200 via navegador. Cadena TLS no confiable para clientes API; posible captcha o formulario,DISCOVERY_ONLY,uncertain,,NOT_AVAILABLE_NO_LOCAL_FILE,UNKNOWN_NO_LOCAL_BYTES,NOT_POSSIBLE_NO_LOCAL_EXTRACTED_TEXT,NOT_ASSESSED_NO_LOCAL_DOCUMENT,"Download source attachment and inspect tables, prerequisites, footnotes, signatures, and scanned pages.",https://sgd.unmsm.edu.pe/reserva_matricula.html | https://www.unmsm.edu.pe/informacion-util/informacion-util-estudiantes,Locator/catalog page; do not treat as operative rule text.
Reserva de matrícula (Centro de Idiomas),https://ceidletras.unmsm.edu.pe/wp-content/uploads/2025/06/Reserva-de-Matricula.pdf,https://www.unmsm.edu.pe/informacion-util/informacion-util-estudiantes,retiros_reservas_reincorporacion,UNKNOWN,UNKNOWN,POSSIBLY_CURRENT,LOW,"Documento de unidad académica, no del SUM",DOC-112,PDF,UNDETERMINED,UNKNOWN,206,2026-09-29,NOT_REVIEWED,UNKNOWN,NOT_ATTEMPTED,Original inventory metadata reviewed; underlying document content not independently verified.,REVIEW_BEFORE_INGEST,"Read content, confirm scope/version and compare related copies before inclusion. Reachability alone is insufficient.",UNKNOWN,UNDETERMINED,,No document relationship established.,NOT_COMPARED,Reserva de matricula (Centro de Idiomas),UNKNOWN,UNKNOWN,POSSIBLY_CURRENT,"206. Documento de unidad academica, no del SUM",REVIEW_REQUIRED,uncertain,,NOT_AVAILABLE_NO_LOCAL_FILE,UNKNOWN_NO_LOCAL_BYTES,NOT_POSSIBLE_NO_LOCAL_EXTRACTED_TEXT,NOT_ASSESSED_NO_LOCAL_DOCUMENT,"Download source attachment and inspect tables, prerequisites, footnotes, signatures, and scanned pages.",https://ceidletras.unmsm.edu.pe/wp-content/uploads/2025/06/Reserva-de-Matricula.pdf | https://www.unmsm.edu.pe/informacion-util/informacion-util-estudiantes,"Content identity, legal status, extraction quality, or scope has not been fully verified for ingestion."
Coleccion Reglamentos UNMSM (gob.pe),https://www.gob.pe/institucion/unmsm/colecciones/96862-reglamentos-unmsm,https://www.gob.pe,organizacion_institucional,UNKNOWN,UNKNOWN,LISTED,HIGH,Portal estatal oficial que replica normativa UNMSM; fuente no-.unmsm.edu.pe pero oficial,DOC-113,WEB_PAGE,UNDETERMINED,UNKNOWN,200,2026-09-29,NOT_REVIEWED,UNKNOWN,NOT_ATTEMPTED,Original inventory metadata reviewed; underlying document content not independently verified.,DISCOVERY_ONLY,Use as a source locator; extract substantive page content separately before deciding whether it belongs in retrieval.,UNKNOWN,UNDETERMINED,,No document relationship established.,NOT_COMPARED,Coleccion Reglamentos UNMSM (gob.pe),UNKNOWN,UNKNOWN,CURRENT,200. Portal estatal oficial que replica normativa UNMSM; fuente no-.unmsm.edu.pe pero oficial,DISCOVERY_ONLY,uncertain,,NOT_AVAILABLE_NO_LOCAL_FILE,UNKNOWN_NO_LOCAL_BYTES,NOT_POSSIBLE_NO_LOCAL_EXTRACTED_TEXT,NOT_ASSESSED_NO_LOCAL_DOCUMENT,"Download source attachment and inspect tables, prerequisites, footnotes, signatures, and scanned pages.",https://www.gob.pe/institucion/unmsm/colecciones/96862-reglamentos-unmsm | https://www.gob.pe,Locator/catalog page; do not treat as operative rule text.
Reglamento General de Matrícula RR 006376-2023 (gob.pe),https://cdn.www.gob.pe/institucion/unmsm/normas-legales/8534917/7072215-rr-n-006376-2023-reglamento-general-de-matricula-pregrado-2023.pdf,https://www.gob.pe/institucion/unmsm/colecciones/96862-reglamentos-unmsm,matricula,UNKNOWN,RR-006376-2023-R,HISTORICAL,HIGH,Prior enrollment base regulation; retain historically with 2025 amendment. 2026 resolution disapplies conflicting provisions; complete repeal not asserted.,DOC-114,PDF,UNDETERMINED,UNKNOWN,206,2026-09-29,NOT_REVIEWED,UNKNOWN,NOT_ATTEMPTED,Original inventory metadata reviewed; underlying document content not independently verified.,ARCHIVE,Keep in a historical collection; read and label coverage before ingestion. Exclude from default current-policy retrieval.,enrollment-undergraduate,PRIOR_BASE,DOC-001;DOC-002;DOC-003;DOC-004;DOC-005;DOC-043;DOC-079;DOC-080;DOC-115;DOC-116,Prior base cited in 2026 approving resolution; 2025 amendment also cited. Compare clauses before making a complete-repeal claim.,NOT_COMPARED,Reglamento General de Matricula RR 006376-2023 (gob.pe),2023,RR-006376-2023-R,SUPERSEDED,206. Version 2023 del Reglamento General de Matricula pregrado,REVIEW_REQUIRED,historical,,NOT_AVAILABLE_NO_LOCAL_FILE,UNKNOWN_NO_LOCAL_BYTES,NOT_POSSIBLE_NO_LOCAL_EXTRACTED_TEXT,NOT_ASSESSED_NO_LOCAL_DOCUMENT,"Download source attachment and inspect tables, prerequisites, footnotes, signatures, and scanned pages.",https://cdn.www.gob.pe/institucion/unmsm/normas-legales/8534917/7072215-rr-n-006376-2023-reglamento-general-de-matricula-pregrado-2023.pdf | https://www.gob.pe/institucion/unmsm/colecciones/96862-reglamentos-unmsm,"Content identity, legal status, extraction quality, or scope has not been fully verified for ingestion."
Reglamento General de Matrícula RR 002891-2025 (gob.pe),https://cdn.www.gob.pe/institucion/unmsm/normas-legales/7756592/6554758-resolucion-rectoral-002891-2025-r.pdf,https://www.gob.pe/institucion/unmsm/colecciones/96862-reglamentos-unmsm,matricula,UNKNOWN,RR-002891-2025-R,HISTORICAL,HIGH,2025 amendment or associated copy in the prior enrollment chain; preserve historically. Complete repeal is not established by chronology alone.,DOC-115,PDF,UNDETERMINED,UNKNOWN,206,2026-09-29,NOT_REVIEWED,UNKNOWN,NOT_ATTEMPTED,Original inventory metadata reviewed; underlying document content not independently verified.,ARCHIVE,Keep in a historical collection; read and label coverage before ingestion. Exclude from default current-policy retrieval.,enrollment-undergraduate,AMENDMENT_OR_ASSOCIATED_COPY,DOC-001;DOC-002;DOC-003;DOC-004;DOC-005;DOC-043;DOC-079;DOC-080;DOC-114;DOC-116,2026 approving resolution recital describes RR 002891-2025-R as modifying RR 006376-2023-R. Individual mirror identity unverified.,NOT_COMPARED,Reglamento General de Matricula RR 002891-2025 (gob.pe),2025,RR-002891-2025-R,POSSIBLY_CURRENT,206. Version 2025 del Reglamento General de Matricula,REVIEW_REQUIRED,historical,,NOT_AVAILABLE_NO_LOCAL_FILE,UNKNOWN_NO_LOCAL_BYTES,NOT_POSSIBLE_NO_LOCAL_EXTRACTED_TEXT,NOT_ASSESSED_NO_LOCAL_DOCUMENT,"Download source attachment and inspect tables, prerequisites, footnotes, signatures, and scanned pages.",https://cdn.www.gob.pe/institucion/unmsm/normas-legales/7756592/6554758-resolucion-rectoral-002891-2025-r.pdf | https://www.gob.pe/institucion/unmsm/colecciones/96862-reglamentos-unmsm,"Content identity, legal status, extraction quality, or scope has not been fully verified for ingestion."
Reglamento RR 002642-2026 (gob.pe),https://cdn.www.gob.pe/institucion/unmsm/normas-legales/9512550/7786960-resolucion-rectoral-n-002642-2026-r-unmsm.pdf,https://www.gob.pe/institucion/unmsm/colecciones/96862-reglamentos-unmsm,matricula,UNKNOWN,RR-002642-2026-R,POSSIBLY_CURRENT,HIGH,Copia estatal de la RR 002642-2026-R tambien publicada en SUM,DOC-116,PDF,UNDETERMINED,UNKNOWN,206,2026-09-29,NOT_REVIEWED,UNKNOWN,NOT_ATTEMPTED,Original inventory metadata reviewed; underlying document content not independently verified.,REVIEW_BEFORE_INGEST,"Read content, confirm scope/version and compare related copies before inclusion. Reachability alone is insufficient.",enrollment-undergraduate,POSSIBLE_MIRROR,DOC-001;DOC-002;DOC-003;DOC-004;DOC-005;DOC-043;DOC-079;DOC-080;DOC-114;DOC-115,SUM resolution reviewed: approves 18-page annex; disapplies conflicting provisions. Other mirror content not compared.,NOT_COMPARED,Reglamento RR 002642-2026 (gob.pe),2026,RR-002642-2026-R,POSSIBLY_CURRENT,206. Copia estatal de la RR 002642-2026-R tambien publicada en SUM,REVIEW_REQUIRED,uncertain,,NOT_AVAILABLE_NO_LOCAL_FILE,UNKNOWN_NO_LOCAL_BYTES,NOT_POSSIBLE_NO_LOCAL_EXTRACTED_TEXT,NOT_ASSESSED_NO_LOCAL_DOCUMENT,"Download source attachment and inspect tables, prerequisites, footnotes, signatures, and scanned pages.",https://cdn.www.gob.pe/institucion/unmsm/normas-legales/9512550/7786960-resolucion-rectoral-n-002642-2026-r-unmsm.pdf | https://www.gob.pe/institucion/unmsm/colecciones/96862-reglamentos-unmsm,"Content identity, legal status, extraction quality, or scope has not been fully verified for ingestion."
Reglamento General de Evaluación del Aprendizaje de Estudiantes de Pregrado RR 007510-2021,https://medicina.unmsm.edu.pe/wp-content/uploads/2021/08/REGLAMENTO-GENERAL-DE-EVALUACION-DEL-APRENDIZAJE-DE-ESTUDIANTES-DE-PREGRADO-2-RR-N.o-007510-2021.pdf,https://www.gob.pe/institucion/unmsm/informes-publicaciones/8263174-reglamento-general-de-evaluacion-del-aprendizaje-de-estudiantes-de-pregrado,evaluacion_calificacion,UNKNOWN,RR-007510-2021-R,POSSIBLY_CURRENT,CRITICAL,Alojado en facultad; versión más citada en resultados oficiales,DOC-117,PDF,UNDERGRADUATE,UNKNOWN,200,2026-09-29,NOT_REVIEWED,UNKNOWN,NOT_ATTEMPTED,Original inventory metadata reviewed; underlying document content not independently verified.,REVIEW_BEFORE_INGEST,"Read content, confirm scope/version and compare related copies before inclusion. Reachability alone is insufficient.",UNKNOWN,UNDETERMINED,,No document relationship established.,NOT_COMPARED,Reglamento General de Evaluacion del Aprendizaje de Estudiantes de Pregrado RR 007510-2021,2021,RR-007510-2021-R,POSSIBLY_CURRENT,200. Alojado en facultad; version mas citada en resultados oficiales,REVIEW_REQUIRED,limited to a population,,NOT_AVAILABLE_NO_LOCAL_FILE,UNKNOWN_NO_LOCAL_BYTES,NOT_POSSIBLE_NO_LOCAL_EXTRACTED_TEXT,NOT_ASSESSED_NO_LOCAL_DOCUMENT,"Download source attachment and inspect tables, prerequisites, footnotes, signatures, and scanned pages.",https://medicina.unmsm.edu.pe/wp-content/uploads/2021/08/REGLAMENTO-GENERAL-DE-EVALUACION-DEL-APRENDIZAJE-DE-ESTUDIANTES-DE-PREGRADO-2-RR-N.o-007510-2021.pdf | https://www.gob.pe/institucion/unmsm/informes-publicaciones/8263174-reglamento-general-de-evaluacion-del-aprendizaje-de-estudiantes-de-pregrado,"Content identity, legal status, extraction quality, or scope has not been fully verified for ingestion."
Comunicado FISI sobre vigencia y adecuación del Plan 2009 de Ingeniería de Sistemas,https://sistemas.unmsm.edu.pe/site/noticias/35-importante/188-comunicado-sobre-la-vigencia-del-plan-de-estudios-2009-de-la-escuela-profesional-de-ingenieria-de-sistemas,https://sistemas.unmsm.edu.pe/site/noticias/35-importante/188-comunicado-sobre-la-vigencia-del-plan-de-estudios-2009-de-la-escuela-profesional-de-ingenieria-de-sistemas,plan_de_estudios,UNKNOWN,Plan 2009; Council session 2020-09-22,HISTORICAL,CRITICAL,"Official FISI notice says Plan 2009 valid through 2021-II and gives cycle-group routes to 2018, 2014, or completion under 2009. Does not establish admission year or return rule.",DOC-118,WEB_PAGE,UNDERGRADUATE,through 2021-II,200,2026-09-30,PAGE_REVIEWED,2026-09-30,RETRIEVED,Playwright body text verified; exact stated cycle routes preserved. The underlying council decision and plan equivalency documents are not attached.,REVIEW_BEFORE_INGEST,Historical transition notice is needed for cohort/return questions but must be paired with the underlying approval and applicable plans.,fisi-systems-plan-transition-2009,TRANSITION_NOTICE,DOC-108;EXTERNAL:RD-000510-D-FISI-19;EXTERNAL:RR-00721-R-20,Body: Council Virtual No. 17 / Ordinary Session No. 12 (2020-09-22); Plan 2009 through 2021-II; bullets 1–3 specify cycle routes. No direct relationship to the later resolution chain asserted.,WEB_PAGE; no downloaded source file,UNKNOWN (added in audit),UNKNOWN,UNKNOWN,UNKNOWN,Added from official FISI page verified in Playwright on 2026-09-30.,REVIEW_REQUIRED,historical,,NOT_AVAILABLE_NO_LOCAL_FILE,UNKNOWN_NO_LOCAL_BYTES,NOT_POSSIBLE_NO_LOCAL_EXTRACTED_TEXT,PAGE_TEXT_REVIEWED_ATTACHMENT_NOT_AVAILABLE,No local attachment/text available for extraction QA.,https://sistemas.unmsm.edu.pe/site/noticias/35-importante/188-comunicado-sobre-la-vigencia-del-plan-de-estudios-2009-de-la-escuela-profesional-de-ingenieria-de-sistemas,"Content identity, legal status, extraction quality, or scope has not been fully verified for ingestion."
RR 000046-2026-R/UNMSM: modificación de equivalencias Plan 2018–Plan 2023 (Gob.pe record),https://www.gob.pe/institucion/unmsm/normas-legales/7601870-000046-2026-r-unmsm,https://www.gob.pe/institucion/unmsm/normas-legales/7601870-000046-2026-r-unmsm,plan_de_estudios,2026-01-08,RR-000046-2026-R/UNMSM,POSSIBLY_CURRENT,CRITICAL,Official legal record identifies EP Ingeniería de Sistemas and summarizes ratification/modification chain; attachment is separate DOC-120.,DOC-119,WEB_PAGE,UNDERGRADUATE,Plan 2018–Plan 2023,200,2026-09-30,PAGE_REVIEWED,2026-09-30,RETRIEVED,"Playwright status 200 and record body verified. Record says RR ratifies RD 000738-2025 and RD 001281-2025, modifying RD 000777-2024 expanded by RD 001030-2024; attachment cites foja 78. Signed attachment itself identifies EP Ingeniería de Sistemas.",DISCOVERY_ONLY,Official source/metadata record supports provenance; use attached signed resolution DOC-120 for operative clauses and table.,fisi-systems-equivalence-2018-2023,OFFICIAL_RECORD,DOC-120;EXTERNAL:RD-000777-2024-D-FISI;EXTERNAL:RD-001030-2024-D-FISI;EXTERNAL:RD-000738-2025-D-FISI;EXTERNAL:RD-001281-2025-D-FISI,"Gob.pe record operative description and paragraph, dated 2026-01-08; attachment verified visually in Playwright.",HTML page; no local file hash,UNKNOWN (added in audit),UNKNOWN,UNKNOWN,UNKNOWN,Added from official Gob.pe record verified in Playwright on 2026-09-30.,DISCOVERY_ONLY,limited to a population,,NOT_AVAILABLE_NO_LOCAL_FILE,UNKNOWN_NO_LOCAL_BYTES,NOT_POSSIBLE_NO_LOCAL_EXTRACTED_TEXT,PAGE_TEXT_REVIEWED_ATTACHMENT_NOT_AVAILABLE,No local attachment/text available for extraction QA.,https://www.gob.pe/institucion/unmsm/normas-legales/7601870-000046-2026-r-unmsm,Locator/catalog page; do not treat as operative rule text.
"Signed attachment: RR 000046-2026-R/UNMSM and amended equivalency table, EP Ingeniería de Sistemas",https://cdn.www.gob.pe/uploads/document/file/9263767/7601870-resolucion-rectoral-n-000046-2026-r-unmsm.pdf?v=1767903832,https://www.gob.pe/institucion/unmsm/normas-legales/7601870-000046-2026-r-unmsm,plan_de_estudios,2026-01-06 (signed; Gob.pe record dated 2026-01-08),RR-000046-2026-R/UNMSM,POSSIBLY_CURRENT,CRITICAL,Two-page signed PDF. Page 1 names EP Ingeniería de Sistemas and amendment lineage; page 2 contains DICE/DEBE DECIR course-table corrections and says the rest remains in force.,DOC-120,PDF,UNDERGRADUATE,Plan 2018–Plan 2023,200,2026-09-30,VISUAL_REVIEWED,2026-09-30,RETRIEVED_BROWSER_ONLY,"Retrieved/rendered in Playwright PDF viewer and inspected as page screenshots 1–2. No local PDF file was saved, so no hash or text extraction is available. Table transcription and signature metadata require independent manual QA before indexing.",REVIEW_BEFORE_INGEST,"Critical plan equivalency amendment, but table-cell extraction/OCR and local-file integrity are not validated.",fisi-systems-equivalence-2018-2023,AMENDING_RESOLUTION_AND_EQUIVALENCY_TABLE,DOC-119;EXTERNAL:RR-013181-2024-R;EXTERNAL:RD-000777-2024-D-FISI;EXTERNAL:RD-001030-2024-D-FISI;EXTERNAL:RD-000738-2025-D-FISI;EXTERNAL:RD-001281-2025-D-FISI,"Page 1: Visto names EP Ingeniería de Sistemas; considers RR 013181-2024 and RDs 000777/001030; page 2 operative 1 has DICE/DEBE DECIR tables, operative 2 modifies RR 013181-2024 and retains everything else; table heading Plan 2018 / Plan 2023.",Attachment URL distinct from HTML record; local bytes unavailable; NOT_HASHED,UNKNOWN (added in audit),UNKNOWN,UNKNOWN,UNKNOWN,Added after Playwright visual inspection of both PDF pages on 2026-09-30.,REVIEW_REQUIRED,limited to a population,,NOT_AVAILABLE_NO_LOCAL_FILE,UNKNOWN_NO_LOCAL_BYTES,NOT_POSSIBLE_NO_LOCAL_EXTRACTED_TEXT,VISUAL_REVIEWED_TABLE_UNVERIFIED,"Manual table transcription, footnotes, and signature validation required.",https://cdn.www.gob.pe/uploads/document/file/9263767/7601870-resolucion-rectoral-n-000046-2026-r-unmsm.pdf?v=1767903832 | https://www.gob.pe/institucion/unmsm/normas-legales/7601870-000046-2026-r-unmsm,"Content identity, legal status, extraction quality, or scope has not been fully verified for ingestion."
